pool_id,split,introduction_id,member_id,event,value,missing_reason,occurred_day,observed_day
public_05,train,intro_0d6e64c574ddb6db18205fd8,syn_0cc07e96f676a5d559cbc5e653e33702,introduction_response,no,,6,6
public_05,train,intro_0d6e64c574ddb6db18205fd8,syn_b30ea3f02d38b8923b5460bfef0e7833,introduction_response,yes,,7,7
public_05,train,intro_a1caedb789ff728e0363f4fe,syn_12cb9eb179cd7526b1a1c5665fbc3d49,introduction_response,yes,,3,3
public_05,train,intro_a1caedb789ff728e0363f4fe,syn_5c803391b28b1117467777a0829a576d,introduction_response,yes,,6,6
public_05,train,intro_a1caedb789ff728e0363f4fe,,date_happened,True,,7,7
public_05,train,intro_a1caedb789ff728e0363f4fe,syn_12cb9eb179cd7526b1a1c5665fbc3d49,second_meeting_intention,yes,,9,9
public_05,train,intro_a1caedb789ff728e0363f4fe,syn_5c803391b28b1117467777a0829a576d,second_meeting_intention,no,,11,11
public_05,train,intro_44f854b751d2ed51751e84a6,syn_18f7e35ae85cc3edebfa8a1d77eaddab,introduction_response,yes,,2,2
public_05,train,intro_44f854b751d2ed51751e84a6,syn_1c596186018460f2fdedf8f2afc0f2d6,introduction_response,yes,,3,3
public_05,train,intro_44f854b751d2ed51751e84a6,,date_happened,True,,11,11
public_05,train,intro_44f854b751d2ed51751e84a6,syn_18f7e35ae85cc3edebfa8a1d77eaddab,second_meeting_intention,,no_response,,16
public_05,train,intro_44f854b751d2ed51751e84a6,syn_1c596186018460f2fdedf8f2afc0f2d6,second_meeting_intention,yes,,14,14
public_05,train,intro_4d8304d88e9871e9ffca9cd1,syn_221878d393f071a58d95cb551a7526b0,introduction_response,,no_response,,7
public_05,train,intro_4d8304d88e9871e9ffca9cd1,syn_e4fef32cad521b8353e4ea2998891934,introduction_response,no,,7,7
public_05,train,intro_509187d8782cdc252dd7077e,syn_23170a23564440a1d4402bade96fbeaa,introduction_response,no,,1,1
public_05,train,intro_509187d8782cdc252dd7077e,syn_7e4f49ce22a2dc79ca61ba0bc89f0f82,introduction_response,,no_response,,7
public_05,train,intro_d99807372e5a0dfc19af83a1,syn_3dffb55ed3520520027fdc4a915ed11f,introduction_response,yes,,4,4
public_05,train,intro_d99807372e5a0dfc19af83a1,syn_6efe7a1f547d3314395b95ea2c5640e8,introduction_response,yes,,6,6
public_05,train,intro_d99807372e5a0dfc19af83a1,,date_happened,False,,11,11
public_05,train,intro_58c9cd9d7006d483f3a23363,syn_4687a28a79af9d8525305f458b2ec26d,introduction_response,yes,,4,4
public_05,train,intro_58c9cd9d7006d483f3a23363,syn_9783d190677a0c555c717c760d1c92c7,introduction_response,yes,,2,2
public_05,train,intro_58c9cd9d7006d483f3a23363,,date_happened,True,,16,16
public_05,train,intro_58c9cd9d7006d483f3a23363,syn_4687a28a79af9d8525305f458b2ec26d,second_meeting_intention,no,,17,17
public_05,train,intro_58c9cd9d7006d483f3a23363,syn_9783d190677a0c555c717c760d1c92c7,second_meeting_intention,yes,,19,19
public_05,train,intro_1673c6f3b05a6db6aa31d1fe,syn_491d2caa03074de80577fcadbbb7619c,introduction_response,no,,5,5
public_05,train,intro_1673c6f3b05a6db6aa31d1fe,syn_d972a517765f7d71a85724b9e4c75331,introduction_response,no,,1,1
public_05,train,intro_e673d3eb51b3c092c4b27801,syn_7744f96c17d970a135531692e7b1a8ce,introduction_response,no,,6,6
public_05,train,intro_e673d3eb51b3c092c4b27801,syn_9b67b3d6b3dda13686dfab9594a9106a,introduction_response,yes,,6,6
public_05,train,intro_b00554616c8c588e27e09daa,syn_d737c28d6653eeba0c3592b0f7d771b6,introduction_response,yes,,7,7
public_05,train,intro_b00554616c8c588e27e09daa,syn_e7313d20148b0ae24b283f75f679a9eb,introduction_response,yes,,7,7
public_05,train,intro_b00554616c8c588e27e09daa,,date_happened,True,,13,13
public_05,train,intro_b00554616c8c588e27e09daa,syn_d737c28d6653eeba0c3592b0f7d771b6,second_meeting_intention,yes,,15,15
public_05,train,intro_b00554616c8c588e27e09daa,syn_e7313d20148b0ae24b283f75f679a9eb,second_meeting_intention,no,,18,18
public_05,train,intro_a1a7fd02c538fed9dfad32c7,syn_daae70040111edbb049035d2a01a3d36,introduction_response,yes,,2,2
public_05,train,intro_a1a7fd02c538fed9dfad32c7,syn_e00e10705d734ac68710874d558dc113,introduction_response,no,,5,5
public_05,train,intro_589d69af7223288424bf36c2,syn_f52d998f7b3adeed3355e5e1ddd5221d,introduction_response,no,,3,3
public_05,train,intro_589d69af7223288424bf36c2,syn_f8eb160de9f82987145dcf9bd6c14111,introduction_response,yes,,4,4
public_05,train,intro_96f05968697c96727d23fa39,syn_32431bcfe5fcb7cce07e8b444d497c9c,introduction_response,no,,6,6
public_05,train,intro_96f05968697c96727d23fa39,syn_3788539c7c8062cd932e2b427024d8ea,introduction_response,,no_response,,9
public_05,train,intro_07aa9c01e67a54d60b200864,syn_59ff3e1be8b80799f03c9a0adcc9a8f7,introduction_response,,no_response,,10
public_05,train,intro_07aa9c01e67a54d60b200864,syn_6386031efeb54abdfa96637beb180642,introduction_response,yes,,9,9
public_05,train,intro_be86f9eb83db69dcf010a874,syn_7eee6a7a0275f890ef8c6385bb0ca86e,introduction_response,no,,7,7
public_05,train,intro_be86f9eb83db69dcf010a874,syn_955a8bdca2d80121eeda9df1c5b47f0d,introduction_response,no,,6,6
public_05,train,intro_a8a90d3a49faecbe4fbfe8fa,syn_2455179885e7a5cdd0d701736adad366,introduction_response,,no_response,,13
public_05,train,intro_a8a90d3a49faecbe4fbfe8fa,syn_d28061e75589e2ff0d7526ffe3542260,introduction_response,,no_response,,13
public_05,train,intro_16c7fe8123ee9313f7bccc81,syn_2f057a3c05913d701d608a8b13727219,introduction_response,no,,10,10
public_05,train,intro_16c7fe8123ee9313f7bccc81,syn_d14e8e3bc349a408cacb453a7abffef8,introduction_response,no,,10,10
public_05,train,intro_9fe190090464d3b75706c780,syn_36b3b69ccaea82d40d69f92264d42798,introduction_response,no,,11,11
public_05,train,intro_9fe190090464d3b75706c780,syn_bb7b6073c8216ea13025eadbfeb27f2c,introduction_response,no,,10,10
public_05,train,intro_e4d22adcc6e01bba490ddf19,syn_67b0f6eb14762eb08d8efed7fa00de7a,introduction_response,yes,,10,10
public_05,train,intro_e4d22adcc6e01bba490ddf19,syn_6dfa6319d5843197875fd20f90b4f507,introduction_response,no,,7,7
public_05,train,intro_480e9e5b1ec6785277377a72,syn_157edf54df236ac31689f77dc50f5ff1,introduction_response,no,,14,14
public_05,train,intro_480e9e5b1ec6785277377a72,syn_ccf2ffc5c3c46880ac055917f6db70d1,introduction_response,no,,9,9
public_05,train,intro_2d23d4d4c09fd3e248e43c83,syn_332eee9515e9c92bd04cc01bbf6c5aaf,introduction_response,yes,,8,8
public_05,train,intro_2d23d4d4c09fd3e248e43c83,syn_43670244b5bb911d05e910c4e030edcf,introduction_response,yes,,14,14
public_05,train,intro_2d23d4d4c09fd3e248e43c83,,date_happened,True,,17,17
public_05,train,intro_2d23d4d4c09fd3e248e43c83,syn_332eee9515e9c92bd04cc01bbf6c5aaf,second_meeting_intention,,no_response,,22
public_05,train,intro_2d23d4d4c09fd3e248e43c83,syn_43670244b5bb911d05e910c4e030edcf,second_meeting_intention,yes,,18,18
public_05,train,intro_9fa890a70ea6e06ceb73c495,syn_0766aba8ddd61a47df3dbb63375de874,introduction_response,no,,9,9
public_05,train,intro_9fa890a70ea6e06ceb73c495,syn_ae494b453b2b66f7bbd82e220000b1f3,introduction_response,,no_response,,15
public_05,train,intro_e536afb99ae1edea6018c0d8,syn_20015b9f913e9730ed42ef967dc1d64e,introduction_response,no,,11,11
public_05,train,intro_e536afb99ae1edea6018c0d8,syn_ddffc7d6a417e25916ed2eab0982b3c8,introduction_response,no,,10,10
public_05,train,intro_b7fae998ef18fe35cbc80aae,syn_3ff803cc4309f41eb7e9181d17112507,introduction_response,no,,10,10
public_05,train,intro_b7fae998ef18fe35cbc80aae,syn_9b67b3d6b3dda13686dfab9594a9106a,introduction_response,no,,9,9
public_05,train,intro_27a1ed581954224f1a43685b,syn_4a30986e184de09da4d488e6dc42ec50,introduction_response,,no_response,,15
public_05,train,intro_27a1ed581954224f1a43685b,syn_f52d998f7b3adeed3355e5e1ddd5221d,introduction_response,yes,,12,12
public_05,train,intro_93237c92a000fd50d60e0510,syn_4e4f8a89ffdf53a7a00e056676176947,introduction_response,no,,13,13
public_05,train,intro_93237c92a000fd50d60e0510,syn_4f070b9e8e1937e0c4f475679f709212,introduction_response,no,,11,11
public_05,train,intro_29a63bc3a7ed2cf12f0f4d62,syn_578b39a83f01b0166432cb202fd75c89,introduction_response,no,,13,13
public_05,train,intro_29a63bc3a7ed2cf12f0f4d62,syn_d972a517765f7d71a85724b9e4c75331,introduction_response,no,,15,15
public_05,train,intro_bb2e30c35d93d00033ab3037,syn_4da096510159e7ed67bcea8df1fd9276,introduction_response,no,,16,16
public_05,train,intro_bb2e30c35d93d00033ab3037,syn_a6346867188be48c086974c8aa3d5967,introduction_response,yes,,12,12
public_05,train,intro_b9b70cf099938962580b1f92,syn_0c8744e4024204f6c04a07e714258d47,introduction_response,yes,,17,17
public_05,train,intro_b9b70cf099938962580b1f92,syn_a624629294f6a7e9435457352ce33a91,introduction_response,no,,15,15
public_05,train,intro_4af37562e65ac74b4eab1846,syn_0e10d543d7c883b4d5fe21bb13c7d538,introduction_response,no,,16,16
public_05,train,intro_4af37562e65ac74b4eab1846,syn_5bebeccf17480908bbd31f4c4aac6692,introduction_response,no,,13,13
public_05,train,intro_46a802767ca76481d8fddf32,syn_0cf9e38720b54f715da4f4930ee5b602,introduction_response,no,,15,15
public_05,train,intro_46a802767ca76481d8fddf32,syn_d1ce45f75d93596c81ae980e72fec48f,introduction_response,yes,,14,14
public_05,train,intro_0586b3345b93ece06e674237,syn_6386031efeb54abdfa96637beb180642,introduction_response,,no_response,,18
public_05,train,intro_0586b3345b93ece06e674237,syn_9fb3c613a617b17a29a795544a56781a,introduction_response,no,,15,15
public_05,train,intro_7074f8b8b28e12b354c19693,syn_6c730c5a5781af7f9e2b80ea146f1771,introduction_response,yes,,15,15
public_05,train,intro_7074f8b8b28e12b354c19693,syn_b6369e410635234f5beb89e67f56ad47,introduction_response,no,,12,12
public_05,train,intro_a2e159bffd4380a1d50fd5a9,syn_7eee6a7a0275f890ef8c6385bb0ca86e,introduction_response,yes,,17,17
public_05,train,intro_a2e159bffd4380a1d50fd5a9,syn_daae70040111edbb049035d2a01a3d36,introduction_response,no,,19,19
public_05,train,intro_c4ece555f61b3159f570c200,syn_955a8bdca2d80121eeda9df1c5b47f0d,introduction_response,no,,17,17
public_05,train,intro_c4ece555f61b3159f570c200,syn_bcb4cd3462c6c653b18dbb6457218610,introduction_response,,no_response,,19
public_05,train,intro_8f9af5ed130e22153f76e9b4,syn_a242f7d8327c808790c0d4811d284b0f,introduction_response,,no_response,,20
public_05,train,intro_8f9af5ed130e22153f76e9b4,syn_e6b57e07ceafd25bccb206402eb52056,introduction_response,yes,,20,20
public_05,train,intro_a91c4aac479a93e6528f0874,syn_2f057a3c05913d701d608a8b13727219,introduction_response,no,,20,20
public_05,train,intro_a91c4aac479a93e6528f0874,syn_8f15f01517ad9b1f664750c54ede74a8,introduction_response,yes,,20,20
public_05,train,intro_85a276f7c42608961a7285bf,syn_4a7b247271af5287477fd12588891a87,introduction_response,,no_response,,21
public_05,train,intro_85a276f7c42608961a7285bf,syn_ecf32b641332b65d333f47c3978a17c0,introduction_response,yes,,20,20
public_05,train,intro_6118e83be5cceee5dd73df4f,syn_5a74933cfb6de83899d29a50df196891,introduction_response,yes,,18,18
public_05,train,intro_6118e83be5cceee5dd73df4f,syn_5e078aca27ddafc9705fd96e65a05670,introduction_response,yes,,21,21
public_05,train,intro_dd563a1a68ff28548de830a6,syn_67b0f6eb14762eb08d8efed7fa00de7a,introduction_response,yes,,15,15
public_05,train,intro_dd563a1a68ff28548de830a6,syn_d01ad0eb624507f7e0acfcf4b966fd87,introduction_response,no,,17,17
public_05,train,intro_bfa4e675cbcac6e174e66ec8,syn_6dfa6319d5843197875fd20f90b4f507,introduction_response,,no_response,,21
public_05,train,intro_bfa4e675cbcac6e174e66ec8,syn_787ad7acef13f3b493a020f929c70389,introduction_response,no,,17,17
public_05,train,intro_6dd534037a2b3519e345c044,syn_bb7b6073c8216ea13025eadbfeb27f2c,introduction_response,no,,20,20
public_05,train,intro_6dd534037a2b3519e345c044,syn_ea8329bfa41c9122f997b0665abb1eef,introduction_response,,no_response,,21
public_05,train,intro_5ff4142056b9865101280a56,syn_157edf54df236ac31689f77dc50f5ff1,introduction_response,no,,18,18
public_05,train,intro_5ff4142056b9865101280a56,syn_5c803391b28b1117467777a0829a576d,introduction_response,yes,,18,18
public_05,train,intro_0ac0350d82d5d45c9f7f91a5,syn_3629e30d62cfc4882e782ef72b076973,introduction_response,yes,,20,20
public_05,train,intro_0ac0350d82d5d45c9f7f91a5,syn_d3e2d8f77d4d02c0acbb83cb17567a95,introduction_response,no,,22,22
public_05,train,intro_99f0794772eae3796a858cfe,syn_57075763fca69b7e34ab38ec4ef39c2c,introduction_response,no,,16,16
public_05,train,intro_99f0794772eae3796a858cfe,syn_d14e8e3bc349a408cacb453a7abffef8,introduction_response,,no_response,,22
public_05,train,intro_87e8a69896e56739a82f4c39,syn_4e4f8a89ffdf53a7a00e056676176947,introduction_response,no,,22,22
public_05,train,intro_87e8a69896e56739a82f4c39,syn_8764c010aa61f8a9ccfb46ff1fa0b580,introduction_response,no,,17,17
public_05,train,intro_7125b7aa0936ea1b4b731fd2,syn_5863c08fc3f248b07a841a4d6511e6fc,introduction_response,,no_response,,23
public_05,train,intro_7125b7aa0936ea1b4b731fd2,syn_d972a517765f7d71a85724b9e4c75331,introduction_response,,no_response,,23
public_05,train,intro_8d1cedc7bf686f672ceccfb2,syn_ae494b453b2b66f7bbd82e220000b1f3,introduction_response,no,,19,19
public_05,train,intro_8d1cedc7bf686f672ceccfb2,syn_ed73a5ffcde32d3d29c33a9428f04344,introduction_response,no,,22,22
public_05,train,intro_af1f0815b21cde4c799cf3c4,syn_e00e10705d734ac68710874d558dc113,introduction_response,no,,17,17
public_05,train,intro_af1f0815b21cde4c799cf3c4,syn_f52d998f7b3adeed3355e5e1ddd5221d,introduction_response,no,,18,18
public_05,train,intro_dad37d7d0d9e0c00012dec70,syn_04e14bb2ba3ef2f338b787a065feb029,introduction_response,no,,20,20
public_05,train,intro_dad37d7d0d9e0c00012dec70,syn_3dffb55ed3520520027fdc4a915ed11f,introduction_response,,no_response,,24
public_05,train,intro_456f5b4277a008b2816fd473,syn_18f7e35ae85cc3edebfa8a1d77eaddab,introduction_response,yes,,20,20
public_05,train,intro_456f5b4277a008b2816fd473,syn_6efe7a1f547d3314395b95ea2c5640e8,introduction_response,yes,,23,23
public_05,train,intro_456f5b4277a008b2816fd473,,date_happened,True,,26,26
public_05,train,intro_456f5b4277a008b2816fd473,syn_6efe7a1f547d3314395b95ea2c5640e8,second_meeting_intention,yes,,28,28
public_05,train,intro_79abaf279e221b4e1f9cf672,syn_1c596186018460f2fdedf8f2afc0f2d6,introduction_response,no,,20,20
public_05,train,intro_79abaf279e221b4e1f9cf672,syn_3874834f8c41d2239a31fdac33f50e4a,introduction_response,no,,24,24
public_05,train,intro_ab5766a822c19028da40a9b9,syn_0e10d543d7c883b4d5fe21bb13c7d538,introduction_response,no,,20,20
public_05,train,intro_ab5766a822c19028da40a9b9,syn_18f948424eec53d257c5c8d8112eb9d1,introduction_response,no,,23,23
public_05,train,intro_b5d86d77c3c8c53fac456a6a,syn_590a56783612729510c25839298559af,introduction_response,,no_response,,25
public_05,train,intro_b5d86d77c3c8c53fac456a6a,syn_dc0858337c792155030cc8fbec54eec3,introduction_response,,no_response,,25
public_05,train,intro_437b86364658159a59aa1bee,syn_a799c85755c403dbcb0fff1d232470ba,introduction_response,,no_response,,25
public_05,train,intro_437b86364658159a59aa1bee,syn_ac039c8f01ab45ccabebd9c693b3f163,introduction_response,,no_response,,25
public_05,train,intro_d956e259ca6d940a06defeef,syn_eada6f0a34c5cf0b2f06296178a0c151,introduction_response,,no_response,,25
public_05,train,intro_d956e259ca6d940a06defeef,syn_f6dd627d1108f9a47392d79f0b9097f5,introduction_response,no,,20,20
public_05,train,intro_cef20e35b9b14162168595fe,syn_1ab52096a2599eef55733d91101816d8,introduction_response,no,,22,22
public_05,train,intro_cef20e35b9b14162168595fe,syn_21b698c1e3f90d1bd65d6ad2d9ef441f,introduction_response,no,,23,23
public_05,train,intro_79c2bea87ab0215f44a220e8,syn_6386031efeb54abdfa96637beb180642,introduction_response,yes,,26,26
public_05,train,intro_79c2bea87ab0215f44a220e8,syn_d1ce45f75d93596c81ae980e72fec48f,introduction_response,no,,25,25
public_05,train,intro_5583c788dd135b99a0cd1789,syn_b6369e410635234f5beb89e67f56ad47,introduction_response,no,,21,21
public_05,train,intro_5583c788dd135b99a0cd1789,syn_db312ab6c0a68a9e3f8205fb47155607,introduction_response,no,,22,22
public_05,train,intro_ff9ef1820e2312a73fd97039,syn_d737c28d6653eeba0c3592b0f7d771b6,introduction_response,yes,,23,23
public_05,train,intro_ff9ef1820e2312a73fd97039,syn_da2080dae924856e3489933dbd919f65,introduction_response,yes,,22,22
public_05,train,intro_d572e1ad2e3b25c01c11a23b,syn_3ff803cc4309f41eb7e9181d17112507,introduction_response,,no_response,,27
public_05,train,intro_d572e1ad2e3b25c01c11a23b,syn_955a8bdca2d80121eeda9df1c5b47f0d,introduction_response,no,,21,21
public_05,train,intro_bd85b9672f1e4f5c3cd57061,syn_6b7eb0df5039395a52a881574eeade11,introduction_response,no,,24,24
public_05,train,intro_bd85b9672f1e4f5c3cd57061,syn_b30ea3f02d38b8923b5460bfef0e7833,introduction_response,,no_response,,27
public_05,train,intro_8b0fd64f1ae0be05dcaa43d4,syn_7eee6a7a0275f890ef8c6385bb0ca86e,introduction_response,yes,,27,27
public_05,train,intro_8b0fd64f1ae0be05dcaa43d4,syn_9b67b3d6b3dda13686dfab9594a9106a,introduction_response,yes,,21,21
public_05,train,intro_e3ddf377d238b03a6c4fc5f3,syn_4687a28a79af9d8525305f458b2ec26d,introduction_response,no,,27,27
public_05,train,intro_e3ddf377d238b03a6c4fc5f3,syn_5d3f0c4b3e05fa6c29ebd7bf84f2c597,introduction_response,no,,26,26
public_05,train,intro_1327b27c5033f5c820adbd0f,syn_4da096510159e7ed67bcea8df1fd9276,introduction_response,no,,27,27
public_05,train,intro_1327b27c5033f5c820adbd0f,syn_6dfa6319d5843197875fd20f90b4f507,introduction_response,no,,26,26
public_05,train,intro_68b4fb7a1eb221cbfe831b08,syn_67b0f6eb14762eb08d8efed7fa00de7a,introduction_response,no,,29,29
public_05,train,intro_68b4fb7a1eb221cbfe831b08,syn_9b1639c7077b8d46da5a9cfd4b905450,introduction_response,no,,27,27
public_05,train,intro_24aaa7fef470ea8792b7064b,syn_787ad7acef13f3b493a020f929c70389,introduction_response,yes,,23,23
public_05,train,intro_24aaa7fef470ea8792b7064b,syn_9783d190677a0c555c717c760d1c92c7,introduction_response,yes,,24,24
public_05,train,intro_24aaa7fef470ea8792b7064b,,date_happened,True,,28,28
public_05,train,intro_24aaa7fef470ea8792b7064b,syn_787ad7acef13f3b493a020f929c70389,second_meeting_intention,no,,29,29
public_05,train,intro_d9318ae6bbc792a609434006,syn_9fb3c613a617b17a29a795544a56781a,introduction_response,yes,,28,28
public_05,train,intro_d9318ae6bbc792a609434006,syn_ecf32b641332b65d333f47c3978a17c0,introduction_response,,no_response,,29
public_05,train,intro_451df2f1a81204f5dbfce528,syn_d01ad0eb624507f7e0acfcf4b966fd87,introduction_response,no,,25,25
public_05,train,intro_451df2f1a81204f5dbfce528,syn_e7313d20148b0ae24b283f75f679a9eb,introduction_response,yes,,29,29
public_05,train,intro_6bf44e27dab09c34c9fdb804,syn_12cb9eb179cd7526b1a1c5665fbc3d49,introduction_response,no,,30,30
public_05,train,intro_6bf44e27dab09c34c9fdb804,syn_157edf54df236ac31689f77dc50f5ff1,introduction_response,,no_response,,30
public_05,train,intro_e62ae4a559bd0535c203455f,syn_43670244b5bb911d05e910c4e030edcf,introduction_response,no,,25,25
public_05,train,intro_e62ae4a559bd0535c203455f,syn_ddb510ae9fbcb6b7cc548470aa17e546,introduction_response,yes,,24,24
public_05,train,intro_a4b34447c28e1f0a0ca5ae3e,syn_5c803391b28b1117467777a0829a576d,introduction_response,no,,28,28
public_05,train,intro_a4b34447c28e1f0a0ca5ae3e,syn_ccf2ffc5c3c46880ac055917f6db70d1,introduction_response,yes,,30,30
public_05,train,intro_95242e29cf9741166619ea9b,syn_d14e8e3bc349a408cacb453a7abffef8,introduction_response,,no_response,,30
public_05,train,intro_95242e29cf9741166619ea9b,syn_daae70040111edbb049035d2a01a3d36,introduction_response,no,,25,25
public_05,train,intro_88bb04d44948f9f2470eb9a3,syn_3629e30d62cfc4882e782ef72b076973,introduction_response,yes,,30,30
public_05,train,intro_88bb04d44948f9f2470eb9a3,syn_f52d998f7b3adeed3355e5e1ddd5221d,introduction_response,no,,26,26
public_05,train,intro_5ee1cb35f963ddee81930fdd,syn_4f070b9e8e1937e0c4f475679f709212,introduction_response,yes,,25,25
public_05,train,intro_48fa6fe5eb98a18446866192,syn_57075763fca69b7e34ab38ec4ef39c2c,introduction_response,yes,,25,25
public_05,train,intro_3a7225f70d961a82581acbf0,syn_75273d30606bde7fe1c8835426415983,introduction_response,no,,30,30
public_05,train,intro_6b0bfd600d181d68b10a0e39,syn_0c8744e4024204f6c04a07e714258d47,introduction_response,yes,,30,30
public_05,train,intro_c82a86566ab309904af12acc,syn_0cf9e38720b54f715da4f4930ee5b602,introduction_response,no,,30,30
public_05,train,intro_c82a86566ab309904af12acc,syn_3dffb55ed3520520027fdc4a915ed11f,introduction_response,no,,30,30
public_05,train,intro_599f796889803731c6f003a5,syn_1c596186018460f2fdedf8f2afc0f2d6,introduction_response,yes,,30,30
public_05,train,intro_532ccfadc6edb9e3f5b0d8a8,syn_ac039c8f01ab45ccabebd9c693b3f163,introduction_response,yes,,27,27
public_05,train,intro_2331733573ab417c9bfc2209,syn_590a56783612729510c25839298559af,introduction_response,yes,,30,30
public_05,train,intro_2331733573ab417c9bfc2209,syn_afdaa75baf08ca510d1c9d73a1ee0983,introduction_response,no,,28,28
