pool_id,split,introduction_id,user_a,user_b,assigned_day,response_deadline_day,logging_policy,propensity
public_04,train,intro_01e97d06ee5fb864a006cf23,syn_1890fa287cb47cb3c40bfc072dea2831,syn_e453a9753947b8de3c0e1a316bed97e0,0,7,baseline_or_submitted_policy,
public_04,train,intro_d73056f0148e777fb29288e0,syn_1f125e068adfe453e6d646b417a74160,syn_eb8696fb693b13718b8d552d3dee6513,0,7,baseline_or_submitted_policy,
public_04,train,intro_c67794d69ee1cc752006e962,syn_26e7743051a10c35ca448232f7764c4a,syn_7d448552e3c6ed9ebe17c4fdc0aeb319,0,7,baseline_or_submitted_policy,
public_04,train,intro_76e0aebfc269443af4dd9d2a,syn_397e6f808de609ed6233f67bfbbf5073,syn_b49c4d80007ff81c1cbb9e2e1dc82bf9,0,7,baseline_or_submitted_policy,
public_04,train,intro_aa751929491b22943fc5974f,syn_685afb58756b09bce56c0f7d31be8487,syn_849e022f628b4bab94ec91859a2eb260,0,7,baseline_or_submitted_policy,
public_04,train,intro_3d4b060cb8946966eec72fae,syn_74c35467d7d42e945b810aed798b15fd,syn_bd73b3c0ed911bba8f82e95365300148,0,7,baseline_or_submitted_policy,
public_04,train,intro_6f58881b98c975b1c5b088c4,syn_2ca17e374c5c610d6ebd340ad8aacd7f,syn_89ffea423f1a280a457958942f6b8ab8,1,8,baseline_or_submitted_policy,
public_04,train,intro_e30edf21c7bb391a816921af,syn_55077ea8f13df41e285207fc665ea6af,syn_7f89b5b821b4f241a9863e858b87982d,1,8,baseline_or_submitted_policy,
public_04,train,intro_7925bd34b01992b68e808dba,syn_6ece6990d6dc3284551a3c815b7b790c,syn_9fa059cb5e8a6e1ef14992cca7932e8d,3,10,baseline_or_submitted_policy,
public_04,train,intro_74b2880974ef9bad442a857a,syn_a4279277750c71af05633514f4cfd51b,syn_fc4aafa8e1d8f4e7236cd571da9c7b5d,3,10,baseline_or_submitted_policy,
public_04,train,intro_49f4be1248658c4cc35daa24,syn_073555cc4699627ce699abc314b5b131,syn_18e71c29fea4faa2e9521f85243b9f95,4,11,baseline_or_submitted_policy,
public_04,train,intro_40f7120ced8501bb307cd34c,syn_215e3b0145dd93a06ffef8ea4c228704,syn_e7a68b664447aa1b9a47d321c285d374,5,12,baseline_or_submitted_policy,
public_04,train,intro_86b0b870f36be9e1cb3e0bd7,syn_3d9c8af991bc51ab54c7c0880f2bec7d,syn_d1b5f8ee73715bd439ffdd81ad2039c1,7,14,baseline_or_submitted_policy,
public_04,train,intro_1526bc3bb7542451f2a63c98,syn_d744f1c529f904c1246ab63e0e41b857,syn_fbe1b83833b2641f4b119c9986cd4b5b,7,14,baseline_or_submitted_policy,
public_04,train,intro_7baedd681b063c0c3c76f433,syn_26e7743051a10c35ca448232f7764c4a,syn_2cc1b7faf23b94d37ea32fc268130f4d,8,15,baseline_or_submitted_policy,
public_04,train,intro_87978a289f11c299fb1cf9fe,syn_397e6f808de609ed6233f67bfbbf5073,syn_83577c49b97c67fc62385886ccbc3d84,8,15,baseline_or_submitted_policy,
public_04,train,intro_54527a044007491c8a41f93b,syn_7d448552e3c6ed9ebe17c4fdc0aeb319,syn_b49c4d80007ff81c1cbb9e2e1dc82bf9,8,15,baseline_or_submitted_policy,
public_04,train,intro_71392f86e2a127e556c51ecd,syn_849e022f628b4bab94ec91859a2eb260,syn_c5eaf70283619d3e612460ed0559915a,8,15,baseline_or_submitted_policy,
public_04,train,intro_542855532ee8b94e47d241ab,syn_2ca17e374c5c610d6ebd340ad8aacd7f,syn_97451abfdecc902a5de05bc02876603f,9,16,baseline_or_submitted_policy,
public_04,train,intro_fc90029d6bf22d96e9e5f3ce,syn_0de2036f2832ef6e77c6772ec1537bb9,syn_a4279277750c71af05633514f4cfd51b,11,18,baseline_or_submitted_policy,
public_04,train,intro_b1f1a15212dc79f7afdc4140,syn_24e084798f238a279f16794b68afbddf,syn_731849480b4c01c377ca6e6902519aba,11,18,baseline_or_submitted_policy,
public_04,train,intro_a3a6c5f13f2537594367ece2,syn_1890fa287cb47cb3c40bfc072dea2831,syn_b7e8304a5ec73d58a2bceee63ad36fa9,12,19,baseline_or_submitted_policy,
public_04,train,intro_23f0a9744127be4becad463d,syn_18e71c29fea4faa2e9521f85243b9f95,syn_507d19d91c5d6c09cdd0d1fef4b95f62,12,19,baseline_or_submitted_policy,
public_04,train,intro_aba67610fcd941718a38f477,syn_114cfdbc3bf09d6b2f5a94c7afec0e45,syn_a7fc11fd0ef3e4f98b7abe8f05ba6707,13,20,baseline_or_submitted_policy,
public_04,train,intro_59e2e763f4be329195775c97,syn_38dbdc9717d6e36a819261a8eae3e39a,syn_e7a68b664447aa1b9a47d321c285d374,13,20,baseline_or_submitted_policy,
public_04,train,intro_d7d19c91d165d421f313fef3,syn_4f14c897aa979fb06e0af2950b90a9ac,syn_8934e986f20fa72046c53b387930debc,13,20,baseline_or_submitted_policy,
public_04,train,intro_e79e7d78e9cb3ad325150b0b,syn_6ece6990d6dc3284551a3c815b7b790c,syn_fc5ac0142c9d3d0ee6ec9e0c8dcfa904,13,20,baseline_or_submitted_policy,
public_04,train,intro_7dbe9fdbe403edafa4a16f6d,syn_1f125e068adfe453e6d646b417a74160,syn_6c213fc24a6197f288499b5245666c3a,14,21,baseline_or_submitted_policy,
public_04,train,intro_79d682eb238c48a7dbd8d851,syn_36db1f5d2e83246f218ddc986f80693c,syn_c83ea6d69287771a7423f5440eb8cb8c,14,21,baseline_or_submitted_policy,
public_04,train,intro_a6d5fcb19cef8ce927f8d14c,syn_1b6880c76aa4fac265ac5fd1a789e195,syn_ec05382d80bba6e4273caefd8c1c6f6d,15,22,baseline_or_submitted_policy,
public_04,train,intro_6c4667383f4ae1afbfff01cc,syn_5fde49d24837cd3528d28b491b0dfee0,syn_bd73b3c0ed911bba8f82e95365300148,15,22,baseline_or_submitted_policy,
public_04,train,intro_1238329060d4d85cc06b992f,syn_938b2288b51fb2c969f0471cd76902b4,syn_d55e7be8bc8def7a7ba01987a41edd23,15,22,baseline_or_submitted_policy,
public_04,train,intro_8f7eff392447b9a29ec6052d,syn_d1b5f8ee73715bd439ffdd81ad2039c1,syn_eb8696fb693b13718b8d552d3dee6513,15,22,baseline_or_submitted_policy,
public_04,train,intro_b0e9a55e0d754fb4ecfdfb4e,syn_1adcbb975557fc57fffb9471a6ee47b1,syn_74c35467d7d42e945b810aed798b15fd,16,23,baseline_or_submitted_policy,
public_04,train,intro_c37dd79cbb5476fc4b9d97f5,syn_2c9bc92b3661a67a689cdd9292b72dd8,syn_638e3707b3fd032bbac98862c7b487d7,16,23,baseline_or_submitted_policy,
public_04,train,intro_5ce29962582eeb30addd11d4,syn_2ca17e374c5c610d6ebd340ad8aacd7f,syn_bb1b8ff042e188373e72d8ebe921af5c,17,24,baseline_or_submitted_policy,
public_04,train,intro_c9b5f18bf190c3c3466a6427,syn_321a39fae8f0dba4e3edbab774b58d93,syn_7ba96d0f0cba9592b4b83299379b202c,18,25,baseline_or_submitted_policy,
public_04,train,intro_c9d172c1a763a5eee047b8d0,syn_03eaad8b6bf2574c57e40c280d593f64,syn_0d4aeb780385fa80ff0427c0fdd07221,19,26,baseline_or_submitted_policy,
public_04,train,intro_7614d1c709db58dfea306ba5,syn_24e084798f238a279f16794b68afbddf,syn_397e6f808de609ed6233f67bfbbf5073,19,26,baseline_or_submitted_policy,
public_04,train,intro_dd49606066b65410a208e79e,syn_26e7743051a10c35ca448232f7764c4a,syn_a4279277750c71af05633514f4cfd51b,19,26,baseline_or_submitted_policy,
public_04,train,intro_e9ed0db9f68feadd145c73cf,syn_0d7df4f4bfbfc139b102f0fa6c28d929,syn_1890fa287cb47cb3c40bfc072dea2831,20,27,baseline_or_submitted_policy,
public_04,train,intro_3248238f2d94005de7035b85,syn_18e71c29fea4faa2e9521f85243b9f95,syn_524308ae64342137a0712e7da1ca7533,20,27,baseline_or_submitted_policy,
public_04,train,intro_e70cbcf4bc3954f12444d227,syn_730febe55e4f2d8c3c2e7d2eb7f1c334,syn_b7e8304a5ec73d58a2bceee63ad36fa9,20,27,baseline_or_submitted_policy,
public_04,train,intro_d4c1fe2ffb4bf6d97393a5ba,syn_10d7008e077ff1a1dcb0109f8e94820d,syn_e7a68b664447aa1b9a47d321c285d374,21,28,baseline_or_submitted_policy,
public_04,train,intro_4bd0d2c1329880a4bedb9b87,syn_1bcfca3217b37178274c5f4eb4a84d0c,syn_7f89b5b821b4f241a9863e858b87982d,21,28,baseline_or_submitted_policy,
public_04,train,intro_77e220e3a4992bc2768d86a6,syn_38dbdc9717d6e36a819261a8eae3e39a,syn_bff6e65ce330f895a52d97b4e1ce0127,21,28,baseline_or_submitted_policy,
public_04,train,intro_42b5c7574bb6dd27410a4f30,syn_4f14c897aa979fb06e0af2950b90a9ac,syn_7d1a0a5b692c6e203d9d44d074ee1415,21,28,baseline_or_submitted_policy,
public_04,train,intro_e139f61b8290c0830837d1f0,syn_8934e986f20fa72046c53b387930debc,syn_fbe1b83833b2641f4b119c9986cd4b5b,21,28,baseline_or_submitted_policy,
public_04,train,intro_33e3fd97ca7a80eda31973e9,syn_8e775b78f392e0dd2b977c464d293069,syn_a7fc11fd0ef3e4f98b7abe8f05ba6707,21,28,baseline_or_submitted_policy,
public_04,train,intro_47eb0acfde4baaf9c832b219,syn_1f125e068adfe453e6d646b417a74160,syn_55077ea8f13df41e285207fc665ea6af,22,29,baseline_or_submitted_policy,
public_04,train,intro_a09d56b3504798d87d40f0f1,syn_7d448552e3c6ed9ebe17c4fdc0aeb319,syn_93ef35bd033e0f6f8d9a1712f26b9d09,22,29,baseline_or_submitted_policy,
public_04,train,intro_4555b8fc549e4447e421678b,syn_3d9c8af991bc51ab54c7c0880f2bec7d,syn_ec05382d80bba6e4273caefd8c1c6f6d,23,30,baseline_or_submitted_policy,
public_04,train,intro_31c128b3d9f23e08a72b585b,syn_5fde49d24837cd3528d28b491b0dfee0,syn_c03868d63853ea1bff35bc0992f6de98,23,30,baseline_or_submitted_policy,
public_04,train,intro_3a5a3bae3db6fb09957a94f1,syn_6c213fc24a6197f288499b5245666c3a,syn_d1b5f8ee73715bd439ffdd81ad2039c1,23,30,baseline_or_submitted_policy,
public_04,train,intro_fe767d850b698fbd476e6518,syn_0d4aeb780385fa80ff0427c0fdd07221,syn_e453a9753947b8de3c0e1a316bed97e0,27,34,baseline_or_submitted_policy,
public_04,train,intro_cdd645f714f3e914fbd8fc6e,syn_24e084798f238a279f16794b68afbddf,syn_b49c4d80007ff81c1cbb9e2e1dc82bf9,27,34,baseline_or_submitted_policy,
public_04,train,intro_80278e0ca8df963245c83105,syn_731849480b4c01c377ca6e6902519aba,syn_a4279277750c71af05633514f4cfd51b,27,34,baseline_or_submitted_policy,
public_04,train,intro_83ccc6ba0501b66ff5b1d710,syn_18e71c29fea4faa2e9521f85243b9f95,syn_74c35467d7d42e945b810aed798b15fd,28,35,baseline_or_submitted_policy,
public_04,train,intro_9926ed6f1fa2e9d8dd822057,syn_524308ae64342137a0712e7da1ca7533,syn_6ece6990d6dc3284551a3c815b7b790c,28,35,baseline_or_submitted_policy,
public_04,train,intro_195f4710803cd520969d0c37,syn_a3c439ac1b7fa162936aba04989c8567,syn_b7e8304a5ec73d58a2bceee63ad36fa9,28,35,baseline_or_submitted_policy,
public_04,train,intro_d66eba1d582ae1208d7ae5ef,syn_1b6880c76aa4fac265ac5fd1a789e195,syn_4f14c897aa979fb06e0af2950b90a9ac,29,36,baseline_or_submitted_policy,
public_04,train,intro_bc6090a675ca6535f7e6f3bf,syn_7ba96d0f0cba9592b4b83299379b202c,syn_fbe1b83833b2641f4b119c9986cd4b5b,29,36,baseline_or_submitted_policy,
