pool_id,split,member_id,age,gender,zone,arrived_day,available,source,age_min,age_min_status,age_min_observed_day,age_max,age_max_status,age_max_observed_day,who_to_meet,who_to_meet_status,who_to_meet_observed_day,relationship_structure,relationship_structure_status,relationship_structure_observed_day,smoking,smoking_status,smoking_observed_day,partner_smoking,partner_smoking_status,partner_smoking_observed_day,has_children,has_children_status,has_children_observed_day,partner_children,partner_children_status,partner_children_observed_day,wants_children,wants_children_status,wants_children_observed_day,acceptable_zones,acceptable_zones_status,acceptable_zones_observed_day,schedule,schedule_status,schedule_observed_day,relationship_goal,relationship_goal_status,relationship_goal_observed_day,relationship_pace,relationship_pace_status,relationship_pace_observed_day,lifestyle,lifestyle_status,lifestyle_observed_day,conversations,conversations_status,conversations_observed_day,emotional_availability,emotional_availability_status,emotional_availability_observed_day,space_for_relationship,space_for_relationship_status,space_for_relationship_observed_day,relocate,relocate_status,relocate_observed_day
public_07,validation,syn_495db021ac8d1a7e14d1734c7eab475c,30,man,zone_b,15,False,synthetic_questionnaire,27,observed,15,34,observed,15,non_binary,observed,15,monogamous,observed,15,no,observed,15,any,observed,15,False,observed,15,no_children,observed,15,no,observed,15,zone_b;zone_d,observed,15,weekday_evening,observed,15,,not_asked,,,not_asked,,,not_asked,,stories,observed,15,,not_asked,,,not_asked,,,declined,
public_07,validation,syn_12132054e427adf98a100257da7965d8,23,man,zone_b,0,True,synthetic_questionnaire,,not_asked,,,not_asked,,,not_asked,,,not_asked,,,declined,,,not_asked,,,not_asked,,,not_asked,,,not_asked,,,not_asked,,,not_asked,,exploring,observed,0,,not_asked,,,not_asked,,ideas,observed,0,,not_asked,,,declined,,,not_asked,
public_07,validation,syn_1cacf95190182047d6646057b35ee94e,37,man,zone_a,0,True,synthetic_questionnaire,,not_asked,,,not_asked,,,not_asked,,,not_asked,,no,observed,0,,declined,,False,observed,0,,not_asked,,,not_asked,,,not_asked,,,not_asked,,,not_asked,,,not_asked,,,not_asked,,,declined,,,not_asked,,,not_asked,,,not_asked,
public_07,validation,syn_33d428aa932221ff0207b962000f6cf6,28,man,zone_a,0,True,synthetic_questionnaire,22,observed,0,34,observed,0,man,observed,0,monogamous,observed,0,occasionally,observed,0,no_smoking,observed,0,False,observed,0,no_children,observed,0,no,observed,0,zone_a,observed,0,weekend_day;weekday_evening;weekend_evening,observed,0,long_term,observed,0,quick,observed,0,social,observed,0,practical,observed,0,taking_time,observed,0,limited,observed,0,yes,observed,0
public_07,validation,syn_69f9950eab46dd7b3436e3a03aa0301b,44,woman,zone_a,0,False,synthetic_questionnaire,41,observed,0,52,observed,0,woman;non_binary,observed,0,monogamous,observed,0,no,observed,0,any,observed,0,False,observed,0,any,observed,0,no,observed,0,zone_a,observed,0,weekend_evening;weekday_evening;weekend_day,observed,0,long_term,observed,0,quick,observed,0,mixed,observed,0,ideas,observed,0,taking_time,observed,0,ample,observed,0,yes,observed,0
public_07,validation,syn_81cf0c412703e8759c14b0354e824592,23,man,zone_c,15,True,synthetic_questionnaire,19,observed,15,,declined,,man;woman;non_binary,observed,15,,not_asked,,,not_asked,,no_smoking,observed,15,,not_asked,,,not_asked,,,not_asked,,,declined,,,not_asked,,,not_asked,,,not_asked,,,not_asked,,,not_asked,,,not_asked,,,not_asked,,,not_asked,
public_07,validation,syn_332a5404f56c90fe84a769ae204a9303,29,man,zone_a,6,True,synthetic_questionnaire,20,observed,6,32,observed,6,man,observed,6,monogamous,observed,6,no,observed,6,no_smoking,observed,6,False,observed,6,any,observed,6,unsure,observed,6,zone_a;zone_b,observed,6,weekday_evening,observed,6,exploring,observed,6,slow,observed,6,quiet,observed,6,ideas,observed,6,ready,observed,6,moderate,observed,6,yes,observed,6
public_07,validation,syn_3c5e771b9cb09c8832ea4f35cebf5c0b,40,woman,zone_b,6,True,synthetic_questionnaire,,not_asked,,,not_asked,,,declined,,monogamous,observed,6,,not_asked,,,not_asked,,,not_asked,,,not_asked,,,not_asked,,,not_asked,,,not_asked,,,not_asked,,steady,observed,6,,not_asked,,,not_asked,,,not_asked,,,not_asked,,,not_asked,
public_07,validation,syn_3023dea18dda9617724bc8b176cb966c,26,woman,zone_a,20,False,synthetic_questionnaire,22,observed,20,30,observed,20,woman,observed,20,monogamous,observed,20,no,observed,20,any,observed,20,False,observed,20,any,observed,20,unsure,observed,20,zone_a,observed,20,weekend_day;weekday_evening,observed,20,,not_asked,,,not_asked,,,not_asked,,,declined,,,not_asked,,,not_asked,,,not_asked,
public_07,validation,syn_5edbceda2b5e791435e017e7ed2401aa,39,woman,zone_a,9,True,synthetic_questionnaire,,not_asked,,,not_asked,,,not_asked,,,not_asked,,,declined,,,declined,,,not_asked,,,not_asked,,,not_asked,,,not_asked,,,not_asked,,,declined,,,not_asked,,,not_asked,,,not_asked,,,not_asked,,,not_asked,,,not_asked,
public_07,validation,syn_e27104440eebfb958a657df911027241,23,man,zone_b,0,True,synthetic_questionnaire,,not_asked,,,not_asked,,,not_asked,,,not_asked,,,declined,,,not_asked,,,not_asked,,,not_asked,,,not_asked,,,not_asked,,,not_asked,,,not_asked,,,not_asked,,,not_asked,,,not_asked,,,declined,,,not_asked,,,not_asked,
public_07,validation,syn_2e42323df2923602dbfd3a9358004b54,31,woman,zone_c,16,True,synthetic_questionnaire,,declined,,,declined,,,not_asked,,monogamous,observed,16,,not_asked,,,not_asked,,,not_asked,,,declined,,unsure,observed,16,,not_asked,,,not_asked,,,not_asked,,,declined,,,not_asked,,,not_asked,,,not_asked,,,not_asked,,,not_asked,
public_07,validation,syn_2875981c2a06d02d89c634d507a5ec96,30,woman,zone_b,0,True,synthetic_questionnaire,,not_asked,,36,observed,0,non_binary,observed,0,,declined,,,not_asked,,,not_asked,,,not_asked,,,not_asked,,,not_asked,,,not_asked,,,not_asked,,,declined,,,not_asked,,,not_asked,,ideas,observed,0,,not_asked,,,not_asked,,,not_asked,
public_07,validation,syn_5eb3d5b40d32dfbc17c71dc343e9dac4,26,man,zone_a,0,True,synthetic_questionnaire,20,observed,0,31,observed,0,woman,observed,0,non_monogamous,observed,0,no,observed,0,any,observed,0,False,observed,0,no_children,observed,0,unsure,observed,0,zone_a,observed,0,weekday_evening;weekend_evening,observed,0,long_term,observed,0,slow,observed,0,social,observed,0,ideas,observed,0,ready,observed,0,ample,observed,0,unsure,observed,0
public_07,validation,syn_0a6f208259664965821fb5ca42976e06,41,man,zone_b,0,True,synthetic_questionnaire,36,observed,0,46,observed,0,woman,observed,0,monogamous,observed,0,no,observed,0,no_smoking,observed,0,False,observed,0,any,observed,0,yes,observed,0,zone_b,observed,0,weekday_evening;weekend_day;weekend_evening,observed,0,exploring,observed,0,slow,observed,0,mixed,observed,0,stories,observed,0,taking_time,observed,0,limited,observed,0,no,observed,0
public_07,validation,syn_7c77dc3fed3c9092d49762509caa5fc6,27,woman,zone_a,0,False,synthetic_questionnaire,19,observed,0,34,observed,0,man,observed,0,monogamous,observed,0,no,observed,0,any,observed,0,True,observed,0,no_children,observed,0,no,observed,0,zone_a,observed,0,weekday_evening;weekend_evening,observed,0,long_term,observed,0,quick,observed,0,social,observed,0,playful,observed,0,taking_time,observed,0,moderate,observed,0,no,observed,0
public_07,validation,syn_a72c9a6d703188c5bf395cb08b22a890,35,woman,zone_a,0,False,synthetic_questionnaire,28,observed,0,39,observed,0,man,observed,0,monogamous,observed,0,occasionally,observed,0,any,observed,0,True,observed,0,no_children,observed,0,yes,observed,0,zone_a,observed,0,weekday_evening;weekend_evening;weekend_day,observed,0,,not_asked,,,not_asked,,mixed,observed,0,,not_asked,,,not_asked,,,not_asked,,,not_asked,
public_07,validation,syn_306fc796ca44265fedefc3320ee53b4b,23,woman,zone_a,0,False,synthetic_questionnaire,18,observed,0,28,observed,0,woman,observed,0,monogamous,observed,0,occasionally,observed,0,any,observed,0,False,observed,0,no_children,observed,0,unsure,observed,0,zone_a;zone_d,observed,0,weekday_evening;weekend_day,observed,0,long_term,observed,0,slow,observed,0,quiet,observed,0,stories,observed,0,ready,observed,0,limited,observed,0,unsure,observed,0
public_07,validation,syn_444e574358cce2b91cb96e20a995c25c,40,man,zone_b,0,True,synthetic_questionnaire,,declined,,45,observed,0,,declined,,,not_asked,,,declined,,,not_asked,,,not_asked,,no_children,observed,0,,not_asked,,,not_asked,,,not_asked,,,not_asked,,,not_asked,,,not_asked,,,not_asked,,,not_asked,,,not_asked,,,not_asked,
public_07,validation,syn_b890454d3ef6bc5190b0e2321497e5da,41,woman,zone_a,0,False,synthetic_questionnaire,35,observed,0,48,observed,0,man,observed,0,monogamous,observed,0,no,observed,0,any,observed,0,False,observed,0,no_children,observed,0,yes,observed,0,zone_a;zone_d,observed,0,weekday_evening;weekend_day;weekend_evening,observed,0,,not_asked,,,not_asked,,,not_asked,,,not_asked,,,not_asked,,,not_asked,,,not_asked,
public_07,validation,syn_faabba2f42c662d5b2310f8421129656,32,man,zone_a,0,True,synthetic_questionnaire,,not_asked,,,not_asked,,,not_asked,,,not_asked,,,not_asked,,,not_asked,,,not_asked,,,not_asked,,,not_asked,,,not_asked,,,declined,,,not_asked,,,not_asked,,,not_asked,,,not_asked,,,not_asked,,,not_asked,,,not_asked,
public_07,validation,syn_46fdd2c8ce656d8ba2c9ab45c38b2c65,39,man,zone_a,0,False,synthetic_questionnaire,33,observed,0,43,observed,0,woman,observed,0,monogamous,observed,0,no,observed,0,any,observed,0,False,observed,0,any,observed,0,no,observed,0,zone_a,observed,0,weekend_day;weekend_evening;weekday_evening,observed,0,long_term,observed,0,slow,observed,0,social,observed,0,playful,observed,0,ready,observed,0,limited,observed,0,unsure,observed,0
public_07,validation,syn_adceff5fd708b28f5d24b039075b98ec,46,woman,zone_a,0,False,synthetic_questionnaire,42,observed,0,51,observed,0,woman;non_binary;man,observed,0,monogamous,observed,0,no,observed,0,any,observed,0,False,observed,0,any,observed,0,unsure,observed,0,zone_a,observed,0,weekend_evening;weekend_day;weekday_evening,observed,0,long_term,observed,0,quick,observed,0,quiet,observed,0,ideas,observed,0,taking_time,observed,0,moderate,observed,0,no,observed,0
public_07,validation,syn_445b2af5c8990b5b1d8513bc8c2be415,38,man,zone_a,6,True,synthetic_questionnaire,34,observed,6,,declined,,,not_asked,,,declined,,,not_asked,,,not_asked,,,not_asked,,,not_asked,,,not_asked,,,not_asked,,,not_asked,,,not_asked,,,not_asked,,mixed,observed,6,,not_asked,,,not_asked,,,not_asked,,,not_asked,
public_07,validation,syn_442127e991a6761548f62bbb206a9fe4,32,woman,zone_a,0,True,synthetic_questionnaire,28,observed,0,36,observed,0,woman,observed,0,non_monogamous,observed,0,no,observed,0,any,observed,0,False,observed,0,any,observed,0,unsure,observed,0,zone_a,observed,0,weekend_evening;weekday_evening,observed,0,exploring,observed,0,quick,observed,0,mixed,observed,0,stories,observed,0,ready,observed,0,ample,observed,0,yes,observed,0
public_07,validation,syn_80afc8009ee8eec6852897531fe747d3,40,man,zone_a,2,True,synthetic_questionnaire,,not_asked,,45,observed,2,,declined,,,not_asked,,,not_asked,,any,observed,2,,not_asked,,,not_asked,,,not_asked,,,not_asked,,weekend_day;weekend_evening;weekday_evening,observed,2,,not_asked,,,not_asked,,quiet,observed,2,,not_asked,,,not_asked,,,not_asked,,,not_asked,
public_07,validation,syn_e3807185505796658e994bb23321f9e6,29,man,zone_a,0,True,synthetic_questionnaire,,not_asked,,,not_asked,,,not_asked,,,declined,,,not_asked,,,not_asked,,,not_asked,,,not_asked,,no,observed,0,zone_a,observed,0,,not_asked,,,not_asked,,,not_asked,,,not_asked,,,not_asked,,,not_asked,,,not_asked,,,not_asked,
public_07,validation,syn_4e2ce9dab719484b32466de84496bc10,31,man,zone_c,13,True,synthetic_questionnaire,26,observed,13,34,observed,13,man;non_binary,observed,13,monogamous,observed,13,no,observed,13,any,observed,13,True,observed,13,any,observed,13,no,observed,13,zone_c,observed,13,weekend_evening;weekday_evening,observed,13,,not_asked,,,not_asked,,,not_asked,,,not_asked,,,not_asked,,,not_asked,,,not_asked,
public_07,validation,syn_1dbfa41732e066192c43367f40614771,28,man,zone_a,0,True,synthetic_questionnaire,,not_asked,,,not_asked,,,not_asked,,,not_asked,,occasionally,observed,0,,declined,,,declined,,,not_asked,,,not_asked,,,not_asked,,,not_asked,,,not_asked,,quick,observed,0,quiet,observed,0,,not_asked,,ready,observed,0,,not_asked,,,not_asked,
public_07,validation,syn_d5ba8f6f67e0a59e3446787c14834d8f,40,man,zone_a,0,False,synthetic_questionnaire,37,observed,0,49,observed,0,non_binary;woman,observed,0,monogamous,observed,0,no,observed,0,no_smoking,observed,0,False,observed,0,no_children,observed,0,unsure,observed,0,zone_a,observed,0,weekend_evening,observed,0,exploring,observed,0,quick,observed,0,mixed,observed,0,playful,observed,0,taking_time,observed,0,ample,observed,0,no,observed,0
public_07,validation,syn_28d204dbbdf42cee5a3030880cdd1e0c,33,man,zone_a,0,False,synthetic_questionnaire,23,observed,0,43,observed,0,non_binary;woman,observed,0,monogamous,observed,0,no,observed,0,any,observed,0,False,observed,0,any,observed,0,unsure,observed,0,zone_a,observed,0,weekend_day,observed,0,,not_asked,,,not_asked,,,not_asked,,,not_asked,,ready,observed,0,,not_asked,,,declined,
public_07,validation,syn_5bf4f4fab389a06d1bb9fab20fa66d23,26,woman,zone_d,0,True,synthetic_questionnaire,,declined,,,not_asked,,,not_asked,,,not_asked,,,not_asked,,,not_asked,,,not_asked,,,declined,,,not_asked,,,not_asked,,,not_asked,,,not_asked,,,not_asked,,quiet,observed,0,,declined,,,not_asked,,,not_asked,,,not_asked,
public_07,validation,syn_5b431043e947032b7b1f30311fe04cb0,27,man,zone_a,0,True,synthetic_questionnaire,20,observed,0,30,observed,0,non_binary,observed,0,monogamous,observed,0,occasionally,observed,0,any,observed,0,False,observed,0,any,observed,0,no,observed,0,zone_a;zone_c,observed,0,weekday_evening;weekend_evening,observed,0,,not_asked,,,not_asked,,,not_asked,,,not_asked,,,not_asked,,,not_asked,,,not_asked,
public_07,validation,syn_bfed6ae3b16fdb9ff14bcd55c92c3e23,30,woman,zone_d,0,True,synthetic_questionnaire,23,observed,0,37,observed,0,woman,observed,0,monogamous,observed,0,no,observed,0,any,observed,0,True,observed,0,any,observed,0,no,observed,0,zone_d,observed,0,weekday_evening;weekend_evening;weekend_day,observed,0,exploring,observed,0,steady,observed,0,social,observed,0,stories,observed,0,taking_time,observed,0,moderate,observed,0,unsure,observed,0
public_07,validation,syn_209dd3d97ee7d4e24f8da0d86e134b23,23,man,zone_b,16,True,synthetic_questionnaire,,not_asked,,,not_asked,,,not_asked,,monogamous,observed,16,,not_asked,,,not_asked,,,not_asked,,,not_asked,,,declined,,,not_asked,,,not_asked,,,not_asked,,,not_asked,,,not_asked,,,not_asked,,,not_asked,,,not_asked,,,not_asked,
public_07,validation,syn_41cbfa99d9088aa61bb31dbfaf6cd82b,37,man,zone_b,0,True,synthetic_questionnaire,31,observed,0,47,observed,0,non_binary;woman,observed,0,monogamous,observed,0,no,observed,0,any,observed,0,True,observed,0,any,observed,0,no,observed,0,zone_b,observed,0,weekend_evening,observed,0,exploring,observed,0,steady,observed,0,mixed,observed,0,ideas,observed,0,taking_time,observed,0,moderate,observed,0,unsure,observed,0
public_07,validation,syn_ddaeab02ef82dd5a078cf3e851f2a10f,44,woman,zone_a,14,True,synthetic_questionnaire,37,observed,14,52,observed,14,woman,observed,14,monogamous,observed,14,occasionally,observed,14,any,observed,14,False,observed,14,no_children,observed,14,no,observed,14,zone_a;zone_d,observed,14,weekend_day;weekday_evening,observed,14,,not_asked,,,not_asked,,social,observed,14,,not_asked,,,not_asked,,,not_asked,,,not_asked,
public_07,validation,syn_251135bb931c853753e632211b9eabd7,43,man,zone_a,0,True,synthetic_questionnaire,,declined,,,not_asked,,,not_asked,,,not_asked,,,not_asked,,any,observed,0,,not_asked,,,not_asked,,,not_asked,,,not_asked,,,not_asked,,,not_asked,,,not_asked,,,not_asked,,,not_asked,,,not_asked,,,not_asked,,,not_asked,
public_07,validation,syn_a0ef1f914dfabc7cbdf8dcf46c0bcae6,40,woman,zone_c,7,True,synthetic_questionnaire,36,observed,7,44,observed,7,man,observed,7,monogamous,observed,7,no,observed,7,any,observed,7,False,observed,7,any,observed,7,no,observed,7,zone_c;zone_b,observed,7,weekday_evening;weekend_evening,observed,7,,not_asked,,,not_asked,,,not_asked,,,not_asked,,,not_asked,,,not_asked,,,not_asked,
public_07,validation,syn_0d8307b30c70467d91e58f68688dc85f,28,man,zone_a,12,True,synthetic_questionnaire,19,observed,12,33,observed,12,woman,observed,12,monogamous,observed,12,occasionally,observed,12,no_smoking,observed,12,False,observed,12,any,observed,12,unsure,observed,12,zone_a,observed,12,weekend_evening;weekday_evening;weekend_day,observed,12,long_term,observed,12,quick,observed,12,quiet,observed,12,stories,observed,12,taking_time,observed,12,ample,observed,12,yes,observed,12
public_07,validation,syn_e7ca2963d97f317fcdf7f6d8f37da169,34,man,zone_a,0,True,synthetic_questionnaire,30,observed,1,38,observed,1,man,observed,1,monogamous,observed,1,occasionally,observed,1,any,observed,1,False,observed,1,no_children,observed,1,unsure,observed,1,zone_a,observed,1,weekend_evening,observed,1,long_term,observed,0,,not_asked,,,not_asked,,,not_asked,,,not_asked,,,not_asked,,,not_asked,
public_07,validation,syn_bd313c33a2dfe80569df7e081fa7e16c,27,woman,zone_a,0,True,synthetic_questionnaire,18,observed,1,36,observed,1,woman,observed,1,monogamous,observed,1,no,observed,1,any,observed,1,False,observed,1,no_children,observed,1,no,observed,1,zone_a,observed,1,weekday_evening;weekend_day;weekend_evening,observed,1,exploring,observed,0,,not_asked,,,not_asked,,,not_asked,,,not_asked,,,not_asked,,,not_asked,
public_07,validation,syn_6a4a9a829bdb50ec11dd1722ff5728b3,42,man,zone_a,0,True,synthetic_questionnaire,,not_asked,,,not_asked,,,not_asked,,,declined,,,declined,,,not_asked,,,not_asked,,,not_asked,,,not_asked,,,not_asked,,,not_asked,,,declined,,steady,observed,0,mixed,observed,0,,not_asked,,,not_asked,,,not_asked,,no,observed,0
public_07,validation,syn_1792125e150b6c1fa7a7ca3516285ba4,42,woman,zone_a,17,False,synthetic_questionnaire,37,observed,17,48,observed,17,man,observed,17,monogamous,observed,17,yes,observed,17,any,observed,17,False,observed,17,no_children,observed,17,no,observed,17,zone_a,observed,17,weekday_evening;weekend_evening;weekend_day,observed,17,exploring,observed,17,slow,observed,17,quiet,observed,17,practical,observed,17,taking_time,observed,17,moderate,observed,17,no,observed,17
public_07,validation,syn_5d98b7358bb63412fc571b358b781528,28,man,zone_b,0,False,synthetic_questionnaire,20,observed,1,31,observed,1,woman,observed,1,non_monogamous,observed,1,no,observed,1,no_smoking,observed,1,False,observed,1,any,observed,1,no,observed,1,zone_b,observed,1,weekend_day;weekend_evening,observed,1,,not_asked,,,not_asked,,,not_asked,,,not_asked,,,not_asked,,,not_asked,,,not_asked,
public_07,validation,syn_08136532f2388c846f4928e60170ae5a,26,man,zone_a,0,True,synthetic_questionnaire,,not_asked,,36,observed,0,,not_asked,,,not_asked,,,not_asked,,,not_asked,,,declined,,,not_asked,,,not_asked,,,not_asked,,,not_asked,,,not_asked,,,not_asked,,,not_asked,,,not_asked,,,not_asked,,,not_asked,,,declined,
public_07,validation,syn_b76db7568e88b218da71968ae37776ca,44,man,zone_c,0,True,synthetic_questionnaire,37,observed,0,53,observed,0,non_binary;man;woman,observed,0,monogamous,observed,0,no,observed,0,any,observed,0,True,observed,0,any,observed,0,unsure,observed,0,zone_c,observed,0,weekend_day;weekday_evening;weekend_evening,observed,0,exploring,observed,0,slow,observed,0,mixed,observed,0,practical,observed,0,taking_time,observed,0,ample,observed,0,unsure,observed,0
public_07,validation,syn_9cb39e7e188face0147d4b07bfa84066,21,woman,zone_d,0,True,synthetic_questionnaire,,not_asked,,,not_asked,,,not_asked,,,not_asked,,,not_asked,,,not_asked,,,not_asked,,,not_asked,,yes,observed,0,,not_asked,,,declined,,,not_asked,,,not_asked,,,not_asked,,,not_asked,,,not_asked,,,not_asked,,,not_asked,
public_07,validation,syn_2c21d1d4aa3246ecf554167d645764b1,46,woman,zone_a,0,False,synthetic_questionnaire,38,observed,1,54,observed,1,man,observed,1,monogamous,observed,1,no,observed,1,no_smoking,observed,1,False,observed,1,no_children,observed,1,yes,observed,1,zone_a;zone_d,observed,1,weekday_evening,observed,1,,not_asked,,,not_asked,,,not_asked,,,not_asked,,,not_asked,,,not_asked,,,not_asked,
public_07,validation,syn_c6e4f83f2da6ac827863b999ed06de72,41,man,zone_a,0,False,synthetic_questionnaire,37,observed,0,51,observed,0,man;woman;non_binary,observed,0,monogamous,observed,0,no,observed,0,any,observed,0,False,observed,0,any,observed,0,unsure,observed,0,zone_a,observed,0,weekend_evening;weekend_day;weekday_evening,observed,0,exploring,observed,0,quick,observed,0,quiet,observed,0,ideas,observed,0,taking_time,observed,0,moderate,observed,0,no,observed,0
public_07,validation,syn_e4623c8b9109e401b9763929d850ad12,21,woman,zone_a,0,True,synthetic_questionnaire,18,observed,2,26,observed,2,woman,observed,2,monogamous,observed,2,no,observed,2,no_smoking,observed,2,False,observed,2,any,observed,2,no,observed,2,zone_a,observed,2,weekday_evening;weekend_evening,observed,2,exploring,observed,0,steady,observed,0,,declined,,,not_asked,,,not_asked,,,not_asked,,no,observed,0
public_07,validation,syn_96288e8771321f19bfa95372ca74bb3b,25,man,zone_a,0,True,synthetic_questionnaire,,not_asked,,,not_asked,,,not_asked,,,not_asked,,,not_asked,,,not_asked,,,declined,,,declined,,,declined,,,not_asked,,,not_asked,,,not_asked,,,not_asked,,,not_asked,,,declined,,,not_asked,,,not_asked,,,not_asked,
public_07,validation,syn_a81865f384ff0d703f37e1236eec2674,45,woman,zone_a,0,True,synthetic_questionnaire,,not_asked,,,not_asked,,woman,observed,0,monogamous,observed,0,,not_asked,,no_smoking,observed,0,,not_asked,,no_children,observed,0,,not_asked,,,not_asked,,,declined,,,declined,,quick,observed,0,,not_asked,,,not_asked,,,not_asked,,,not_asked,,,not_asked,
public_07,validation,syn_0c9736620c1aa05dc0fac96968036c3a,38,woman,zone_c,0,True,synthetic_questionnaire,30,observed,2,42,observed,2,non_binary,observed,2,monogamous,observed,2,occasionally,observed,2,any,observed,2,False,observed,2,any,observed,2,no,observed,2,zone_c,observed,2,weekend_day,observed,2,,not_asked,,steady,observed,0,,not_asked,,,not_asked,,,not_asked,,,not_asked,,,not_asked,
public_07,validation,syn_83ed6da0024d3abf5db05184765a88e2,39,woman,zone_b,0,True,synthetic_questionnaire,,not_asked,,,not_asked,,,not_asked,,,not_asked,,,not_asked,,,not_asked,,,declined,,,not_asked,,,not_asked,,zone_b,observed,0,,not_asked,,,not_asked,,steady,observed,0,,not_asked,,ideas,observed,0,,not_asked,,,not_asked,,,not_asked,
public_07,validation,syn_7a9f7afd5cb361a8ca99b432f721d36a,21,man,zone_a,0,True,synthetic_questionnaire,,not_asked,,,not_asked,,,not_asked,,,not_asked,,,not_asked,,,not_asked,,,declined,,,not_asked,,,not_asked,,,not_asked,,,not_asked,,,declined,,,not_asked,,,not_asked,,,not_asked,,,not_asked,,,declined,,,not_asked,
public_07,validation,syn_18e1f87a7cff6d5a4e3ecb78b84037e9,45,woman,zone_c,7,True,synthetic_questionnaire,,not_asked,,,not_asked,,,not_asked,,,not_asked,,occasionally,observed,7,any,observed,7,,not_asked,,,declined,,,not_asked,,,not_asked,,,not_asked,,,declined,,,not_asked,,,declined,,practical,observed,7,,not_asked,,,not_asked,,,not_asked,
public_07,validation,syn_f4bb9a7cc9774c227eaef317d3e5b192,41,woman,zone_a,0,False,synthetic_questionnaire,31,observed,2,45,observed,2,man,observed,2,monogamous,observed,2,no,observed,2,any,observed,2,False,observed,2,no_children,observed,2,unsure,observed,2,zone_a,observed,2,weekend_day;weekend_evening,observed,2,,not_asked,,,not_asked,,quiet,observed,0,,not_asked,,,not_asked,,ample,observed,0,,not_asked,
public_07,validation,syn_fad3c39c0c2784209ab31e3130339a95,23,man,zone_a,0,False,synthetic_questionnaire,19,observed,0,30,observed,0,woman;man,observed,0,monogamous,observed,0,no,observed,0,any,observed,0,False,observed,0,any,observed,0,unsure,observed,0,zone_a;zone_d,observed,0,weekend_day,observed,0,long_term,observed,0,quick,observed,0,mixed,observed,0,stories,observed,0,ready,observed,0,moderate,observed,0,no,observed,0
public_07,validation,syn_52daf0d3a1ce5afcf377c81cd4405b6e,35,man,zone_b,0,True,synthetic_questionnaire,,not_asked,,,not_asked,,,declined,,,not_asked,,,not_asked,,,not_asked,,,not_asked,,,not_asked,,,not_asked,,,not_asked,,weekend_day;weekend_evening,observed,0,exploring,observed,0,,not_asked,,,not_asked,,playful,observed,0,,not_asked,,,not_asked,,,not_asked,
public_07,validation,syn_4989018f8dbabff440ac3ca67e074a02,46,woman,zone_b,19,False,synthetic_questionnaire,40,observed,19,56,observed,19,man,observed,19,monogamous,observed,19,no,observed,19,any,observed,19,False,observed,19,any,observed,19,no,observed,19,zone_b,observed,19,weekend_day;weekday_evening,observed,19,long_term,observed,19,quick,observed,19,social,observed,19,practical,observed,19,taking_time,observed,19,moderate,observed,19,no,observed,19
public_07,validation,syn_18d986aa37af2511c082299a5761d468,31,man,zone_a,0,False,synthetic_questionnaire,24,observed,0,39,observed,0,man;non_binary;woman,observed,0,monogamous,observed,0,occasionally,observed,0,any,observed,0,False,observed,0,any,observed,0,unsure,observed,0,zone_a,observed,0,weekday_evening,observed,0,exploring,observed,0,steady,observed,0,quiet,observed,0,ideas,observed,0,ready,observed,0,limited,observed,0,yes,observed,0
public_07,validation,syn_bd55f5902021f156dc7ae1b193b73ea1,36,man,zone_a,0,True,synthetic_questionnaire,,not_asked,,,declined,,,not_asked,,,not_asked,,,not_asked,,,not_asked,,,not_asked,,,not_asked,,,not_asked,,,not_asked,,,not_asked,,,not_asked,,,not_asked,,,not_asked,,,not_asked,,,not_asked,,,not_asked,,,not_asked,
public_07,validation,syn_c4160f8396ffd5556abfe7c5ef9010a9,31,man,zone_a,0,True,synthetic_questionnaire,25,observed,0,38,observed,0,woman,observed,0,monogamous,observed,0,occasionally,observed,0,any,observed,0,True,observed,0,any,observed,0,unsure,observed,0,zone_a,observed,0,weekend_evening;weekday_evening,observed,0,exploring,observed,0,slow,observed,0,social,observed,0,practical,observed,0,ready,observed,0,limited,observed,0,no,observed,0
public_07,validation,syn_c0feb2559005d690ab15cd62c7f4d6cb,25,woman,zone_a,0,False,synthetic_questionnaire,18,observed,0,29,observed,0,non_binary,observed,0,monogamous,observed,0,no,observed,0,no_smoking,observed,0,False,observed,0,any,observed,0,unsure,observed,0,zone_a,observed,0,weekday_evening,observed,0,long_term,observed,0,steady,observed,0,social,observed,0,ideas,observed,0,taking_time,observed,0,ample,observed,0,unsure,observed,0
public_07,validation,syn_5268e7e56d19ad6302529503ae6296a2,32,man,zone_b,0,True,synthetic_questionnaire,,not_asked,,,not_asked,,,not_asked,,,not_asked,,,not_asked,,,not_asked,,,not_asked,,,declined,,,not_asked,,,not_asked,,weekend_day;weekday_evening,observed,0,,not_asked,,steady,observed,0,,not_asked,,,not_asked,,,not_asked,,ample,observed,0,,not_asked,
public_07,validation,syn_8d1e58752ea52f6d144a33359b795309,23,non_binary,zone_a,0,True,synthetic_questionnaire,18,observed,2,30,observed,2,non_binary,observed,2,monogamous,observed,2,no,observed,2,any,observed,2,False,observed,2,any,observed,2,no,observed,2,zone_a,observed,2,weekend_day;weekend_evening;weekday_evening,observed,2,,not_asked,,,not_asked,,,not_asked,,,not_asked,,,not_asked,,,not_asked,,,not_asked,
public_07,validation,syn_a2df2f4cb371057e5e2d438bc7abe1b6,24,woman,zone_a,0,True,synthetic_questionnaire,20,observed,3,30,observed,3,woman,observed,3,monogamous,observed,3,occasionally,observed,3,any,observed,3,False,observed,3,no_children,observed,3,no,observed,3,zone_a,observed,3,weekend_evening;weekend_day,observed,3,long_term,observed,0,,not_asked,,,not_asked,,playful,observed,0,,not_asked,,,not_asked,,no,observed,0
public_07,validation,syn_cdb52e059db303bc6c3f5269c5213541,28,man,zone_b,2,True,synthetic_questionnaire,24,observed,2,31,observed,2,man;woman;non_binary,observed,2,monogamous,observed,2,no,observed,2,any,observed,2,False,observed,2,any,observed,2,no,observed,2,zone_b,observed,2,weekday_evening;weekend_day;weekend_evening,observed,2,long_term,observed,2,steady,observed,2,mixed,observed,2,practical,observed,2,ready,observed,2,limited,observed,2,unsure,observed,2
public_07,validation,syn_fe2f08af0bb5caff6ebe7f6fdf941708,22,woman,zone_a,0,False,synthetic_questionnaire,,not_asked,,,declined,,,not_asked,,,not_asked,,,not_asked,,,not_asked,,,not_asked,,,not_asked,,,declined,,,not_asked,,,not_asked,,,not_asked,,,not_asked,,,not_asked,,,not_asked,,,not_asked,,,not_asked,,,not_asked,
public_07,validation,syn_57d4b998452d44917f79f257931c94db,21,woman,zone_b,0,True,synthetic_questionnaire,18,observed,3,28,observed,3,man,observed,3,monogamous,observed,3,yes,observed,3,any,observed,3,False,observed,3,no_children,observed,3,yes,observed,3,zone_b,observed,3,weekend_evening;weekend_day;weekday_evening,observed,3,,not_asked,,,not_asked,,,not_asked,,,not_asked,,,not_asked,,,not_asked,,,not_asked,
public_07,validation,syn_bcd4e161db365f3a5c08ff8741b10ef7,28,man,zone_b,0,True,synthetic_questionnaire,20,observed,0,36,observed,0,non_binary,observed,0,monogamous,observed,0,occasionally,observed,0,any,observed,0,False,observed,0,any,observed,0,no,observed,0,zone_b;zone_d,observed,0,weekend_evening;weekend_day;weekday_evening,observed,0,long_term,observed,0,steady,observed,0,quiet,observed,0,practical,observed,0,taking_time,observed,0,moderate,observed,0,unsure,observed,0
public_07,validation,syn_49e48907939f6256b00077eb7256a89f,29,woman,zone_a,0,True,synthetic_questionnaire,23,observed,0,38,observed,0,non_binary,observed,0,monogamous,observed,0,no,observed,0,any,observed,0,True,observed,0,any,observed,0,no,observed,0,zone_a,observed,0,weekday_evening;weekend_day;weekend_evening,observed,0,long_term,observed,0,slow,observed,0,mixed,observed,0,stories,observed,0,ready,observed,0,limited,observed,0,yes,observed,0
public_07,validation,syn_d7b43d42bc4b932e0461d7e4319f692c,35,woman,zone_b,0,True,synthetic_questionnaire,,not_asked,,44,observed,0,,not_asked,,,not_asked,,,not_asked,,,not_asked,,,not_asked,,,declined,,,not_asked,,,not_asked,,,not_asked,,,not_asked,,,not_asked,,,not_asked,,,not_asked,,,not_asked,,,not_asked,,,not_asked,
public_07,validation,syn_ef320cd5042ac58cebffa1aa9d7e7c51,24,man,zone_b,13,True,synthetic_questionnaire,,not_asked,,31,observed,13,,not_asked,,,not_asked,,,declined,,,declined,,,not_asked,,,not_asked,,,not_asked,,,not_asked,,,not_asked,,,declined,,,not_asked,,,not_asked,,,not_asked,,,not_asked,,,not_asked,,,not_asked,
public_07,validation,syn_d60f52d2bf717352072d2694f988e74f,46,man,zone_a,0,True,synthetic_questionnaire,,not_asked,,,not_asked,,,not_asked,,,not_asked,,,not_asked,,,not_asked,,,declined,,,not_asked,,,not_asked,,,not_asked,,weekend_evening,observed,0,,not_asked,,,not_asked,,,not_asked,,,not_asked,,,not_asked,,moderate,observed,0,,declined,
public_07,validation,syn_cea12821b29a2cbe1e76db200617d67d,23,woman,zone_a,16,True,synthetic_questionnaire,18,observed,16,29,observed,16,woman,observed,16,monogamous,observed,16,occasionally,observed,16,no_smoking,observed,16,True,observed,16,no_children,observed,16,no,observed,16,zone_a,observed,16,weekend_day;weekday_evening;weekend_evening,observed,16,,not_asked,,,not_asked,,,not_asked,,,not_asked,,,not_asked,,ample,observed,16,,not_asked,
public_07,validation,syn_5cb01876bf84571df5c348900ee5ac82,30,man,zone_a,8,True,synthetic_questionnaire,,not_asked,,,not_asked,,,declined,,,not_asked,,,not_asked,,any,observed,8,,declined,,,not_asked,,,not_asked,,,not_asked,,,not_asked,,,not_asked,,,not_asked,,,not_asked,,,not_asked,,,not_asked,,,not_asked,,,not_asked,
public_07,validation,syn_16e8c4ae75dd31d65b56e5959ba1d220,26,woman,zone_a,9,True,synthetic_questionnaire,,declined,,,not_asked,,,not_asked,,,not_asked,,,declined,,,not_asked,,,not_asked,,,not_asked,,,not_asked,,,not_asked,,,not_asked,,,not_asked,,,not_asked,,,not_asked,,,not_asked,,ready,observed,9,,not_asked,,,not_asked,
public_07,validation,syn_65de186e1d37a749b05767ca6c183e06,24,woman,zone_d,0,True,synthetic_questionnaire,18,observed,3,33,observed,3,non_binary;woman,observed,3,monogamous,observed,3,no,observed,3,any,observed,3,False,observed,3,no_children,observed,3,yes,observed,3,zone_d,observed,3,weekday_evening;weekend_evening,observed,3,,not_asked,,,not_asked,,,not_asked,,,not_asked,,,not_asked,,moderate,observed,0,,not_asked,
public_07,validation,syn_372f1c7073e08c15f2d50a0e6d680800,37,woman,zone_a,1,True,synthetic_questionnaire,27,observed,3,43,observed,3,non_binary;woman,observed,3,monogamous,observed,3,occasionally,observed,3,any,observed,3,False,observed,3,any,observed,3,unsure,observed,3,zone_a;zone_d,observed,3,weekend_evening;weekend_day,observed,3,,not_asked,,,not_asked,,,not_asked,,,not_asked,,,not_asked,,,not_asked,,,not_asked,
public_07,validation,syn_2618c89f6953660c0f62e3bfefd0f580,38,man,zone_a,0,False,synthetic_questionnaire,29,observed,0,45,observed,0,non_binary,observed,0,monogamous,observed,0,no,observed,0,no_smoking,observed,0,False,observed,0,any,observed,0,yes,observed,0,zone_a,observed,0,weekday_evening,observed,0,exploring,observed,0,quick,observed,0,quiet,observed,0,ideas,observed,0,taking_time,observed,0,moderate,observed,0,yes,observed,0
public_07,validation,syn_e1981e34c7a6948162ff995047ee6476,25,man,zone_a,16,False,synthetic_questionnaire,18,observed,16,30,observed,16,woman,observed,16,monogamous,observed,16,occasionally,observed,16,no_smoking,observed,16,False,observed,16,any,observed,16,no,observed,16,zone_a;zone_b,observed,16,weekend_evening,observed,16,long_term,observed,16,slow,observed,16,quiet,observed,16,playful,observed,16,ready,observed,16,ample,observed,16,unsure,observed,16
public_07,validation,syn_5dfc603ca94447f5172968eec694a649,34,woman,zone_d,0,True,synthetic_questionnaire,,not_asked,,,not_asked,,,declined,,,not_asked,,,declined,,,not_asked,,,not_asked,,,not_asked,,,not_asked,,,not_asked,,,not_asked,,,not_asked,,quick,observed,0,,not_asked,,,not_asked,,,not_asked,,,not_asked,,,not_asked,
public_07,validation,syn_a353980f53407f5dd0b2d8fbf879b2bc,42,woman,zone_c,0,True,synthetic_questionnaire,37,observed,0,52,observed,0,non_binary,observed,0,monogamous,observed,0,no,observed,0,no_smoking,observed,0,False,observed,0,any,observed,0,yes,observed,0,zone_c,observed,0,weekday_evening;weekend_evening;weekend_day,observed,0,exploring,observed,0,quick,observed,0,social,observed,0,playful,observed,0,ready,observed,0,limited,observed,0,no,observed,0
public_07,validation,syn_5b67f286bb7c5bdb14f6f8bd0eca4e8b,42,man,zone_a,0,True,synthetic_questionnaire,,not_asked,,,not_asked,,,not_asked,,monogamous,observed,0,,not_asked,,no_smoking,observed,0,,not_asked,,,not_asked,,,not_asked,,,not_asked,,,declined,,,not_asked,,,not_asked,,,not_asked,,,not_asked,,,not_asked,,,not_asked,,,not_asked,
public_07,validation,syn_7489ffad5048682240d74e79792c6515,32,woman,zone_a,1,True,synthetic_questionnaire,,not_asked,,,not_asked,,,declined,,,not_asked,,,not_asked,,no_smoking,observed,1,,declined,,,not_asked,,,not_asked,,,declined,,,not_asked,,exploring,observed,1,,not_asked,,,not_asked,,,not_asked,,,not_asked,,,not_asked,,,not_asked,
public_07,validation,syn_3354aa3b3fa0daf8bbea9e7af31902f5,30,man,zone_b,0,True,synthetic_questionnaire,,not_asked,,,not_asked,,,not_asked,,,not_asked,,,not_asked,,,not_asked,,,not_asked,,no_children,observed,0,,not_asked,,zone_b,observed,0,,declined,,,not_asked,,quick,observed,0,,not_asked,,,not_asked,,,not_asked,,,not_asked,,no,observed,0
public_07,validation,syn_f8456fff50a3f73bfbd263da6fb7b1ce,42,woman,zone_a,6,True,synthetic_questionnaire,32,observed,6,51,observed,6,non_binary,observed,6,monogamous,observed,6,no,observed,6,any,observed,6,False,observed,6,any,observed,6,unsure,observed,6,zone_a,observed,6,weekday_evening;weekend_day;weekend_evening,observed,6,exploring,observed,6,slow,observed,6,quiet,observed,6,playful,observed,6,ready,observed,6,limited,observed,6,yes,observed,6
public_07,validation,syn_6a0fc9bfb37d9fbd3c617c97f6cba1b7,27,man,zone_b,0,True,synthetic_questionnaire,23,observed,4,31,observed,4,woman,observed,4,monogamous,observed,4,no,observed,4,no_smoking,observed,4,True,observed,4,any,observed,4,unsure,observed,4,zone_b,observed,4,weekend_evening;weekend_day,observed,4,,not_asked,,,not_asked,,,not_asked,,,not_asked,,,not_asked,,moderate,observed,0,unsure,observed,0
public_07,validation,syn_c0efbf2ed23e485596cb96c268157d16,38,woman,zone_a,0,True,synthetic_questionnaire,,not_asked,,,not_asked,,,not_asked,,,declined,,no,observed,0,,not_asked,,,not_asked,,,not_asked,,,not_asked,,,not_asked,,,not_asked,,,not_asked,,,not_asked,,,declined,,,not_asked,,,not_asked,,,not_asked,,,not_asked,
public_07,validation,syn_de7d9654caa1fc84459b779cc4ad0f61,26,man,zone_b,0,True,synthetic_questionnaire,18,observed,0,30,observed,0,non_binary,observed,0,monogamous,observed,0,no,observed,0,any,observed,0,False,observed,0,no_children,observed,0,unsure,observed,0,zone_b,observed,0,weekend_day;weekday_evening,observed,0,long_term,observed,0,steady,observed,0,mixed,observed,0,playful,observed,0,taking_time,observed,0,ample,observed,0,no,observed,0
public_07,validation,syn_23a2975c77f38830cf5a3facfb9b534b,43,man,zone_c,0,True,synthetic_questionnaire,35,observed,0,50,observed,0,woman,observed,0,monogamous,observed,0,no,observed,0,no_smoking,observed,0,False,observed,0,any,observed,0,yes,observed,0,zone_c,observed,0,weekend_evening;weekday_evening,observed,0,long_term,observed,0,quick,observed,0,quiet,observed,0,stories,observed,0,ready,observed,0,moderate,observed,0,no,observed,0
public_07,validation,syn_5b8d7027d0fe03fd6637867233485951,23,woman,zone_a,0,True,synthetic_questionnaire,19,observed,4,33,observed,4,woman,observed,4,monogamous,observed,4,no,observed,4,any,observed,4,True,observed,4,any,observed,4,yes,observed,4,zone_a;zone_b,observed,4,weekday_evening;weekend_evening,observed,4,,not_asked,,,not_asked,,,not_asked,,,not_asked,,,not_asked,,,not_asked,,,not_asked,
public_07,validation,syn_8da2dcd9f33f276e69881d69d03b1193,43,man,zone_b,16,True,synthetic_questionnaire,34,observed,16,46,observed,16,non_binary,observed,16,monogamous,observed,16,no,observed,16,any,observed,16,False,observed,16,no_children,observed,16,unsure,observed,16,zone_b,observed,16,weekday_evening,observed,16,,not_asked,,,not_asked,,,not_asked,,playful,observed,16,taking_time,observed,16,,not_asked,,,not_asked,
public_07,validation,syn_f925763cedac346393929ce0182665a3,22,man,zone_a,5,True,synthetic_questionnaire,,not_asked,,,not_asked,,,not_asked,,,not_asked,,,not_asked,,,declined,,,not_asked,,,not_asked,,,not_asked,,,not_asked,,,not_asked,,exploring,observed,5,,not_asked,,,not_asked,,,not_asked,,,not_asked,,,not_asked,,,not_asked,
public_07,validation,syn_9527ed34d0b89aa32046c40f0f328fa7,30,non_binary,zone_a,0,True,synthetic_questionnaire,,not_asked,,,not_asked,,man,observed,0,,not_asked,,,not_asked,,,not_asked,,,not_asked,,,declined,,,not_asked,,,not_asked,,,not_asked,,,not_asked,,,not_asked,,,not_asked,,,not_asked,,,not_asked,,,not_asked,,,not_asked,
public_07,validation,syn_6d8cc1742272b49c3bf6574d4dea47bb,42,man,zone_a,16,False,synthetic_questionnaire,34,observed,16,51,observed,16,woman,observed,16,monogamous,observed,16,no,observed,16,any,observed,16,False,observed,16,any,observed,16,yes,observed,16,zone_a,observed,16,weekday_evening;weekend_evening;weekend_day,observed,16,exploring,observed,16,steady,observed,16,mixed,observed,16,ideas,observed,16,ready,observed,16,limited,observed,16,no,observed,16
public_07,validation,syn_3d00cfdea3a9b27bb5b4946c3261a8c9,30,woman,zone_a,6,True,synthetic_questionnaire,21,observed,6,38,observed,6,woman,observed,6,monogamous,observed,6,no,observed,6,any,observed,6,False,observed,6,no_children,observed,6,no,observed,6,zone_a;zone_d,observed,6,weekday_evening;weekend_evening,observed,6,,declined,,,not_asked,,,not_asked,,,not_asked,,,not_asked,,,not_asked,,,not_asked,
public_07,validation,syn_09caa09b251c2b85d1f080a718b24cd9,23,man,zone_c,0,True,synthetic_questionnaire,18,observed,0,28,observed,0,woman,observed,0,monogamous,observed,0,no,observed,0,no_smoking,observed,0,False,observed,0,any,observed,0,unsure,observed,0,zone_c,observed,0,weekend_evening,observed,0,long_term,observed,0,steady,observed,0,social,observed,0,ideas,observed,0,ready,observed,0,ample,observed,0,unsure,observed,0
public_07,validation,syn_23e4326f5b03be11fbfa4487934676e2,40,man,zone_c,10,True,synthetic_questionnaire,30,observed,10,45,observed,10,woman,observed,10,monogamous,observed,10,no,observed,10,any,observed,10,False,observed,10,any,observed,10,unsure,observed,10,zone_c;zone_d,observed,10,weekend_evening,observed,10,,not_asked,,,not_asked,,,not_asked,,,not_asked,,,declined,,,not_asked,,,not_asked,
public_07,validation,syn_001fec06a7f43e7ddf8d795458f1975e,35,man,zone_a,1,True,synthetic_questionnaire,32,observed,1,,not_asked,,,not_asked,,,not_asked,,,declined,,,not_asked,,,not_asked,,,not_asked,,unsure,observed,1,,not_asked,,weekend_day;weekend_evening;weekday_evening,observed,1,,not_asked,,,not_asked,,,not_asked,,,not_asked,,ready,observed,1,,not_asked,,,not_asked,
public_07,validation,syn_d6d626f91a4f9109158f32e8bf250592,42,woman,zone_b,17,True,synthetic_questionnaire,39,observed,17,48,observed,17,man,observed,17,monogamous,observed,17,yes,observed,17,any,observed,17,False,observed,17,no_children,observed,17,unsure,observed,17,zone_b,observed,17,weekday_evening;weekend_day,observed,17,,not_asked,,,not_asked,,,not_asked,,,not_asked,,,not_asked,,,not_asked,,,not_asked,
public_07,validation,syn_da0fd8af642574fe334800ee3486bdf4,23,non_binary,zone_a,0,True,synthetic_questionnaire,,not_asked,,,not_asked,,non_binary;woman;man,observed,0,,not_asked,,,not_asked,,,not_asked,,,not_asked,,any,observed,0,,not_asked,,,not_asked,,,declined,,exploring,observed,0,,not_asked,,,not_asked,,,not_asked,,,not_asked,,,not_asked,,,not_asked,
public_07,validation,syn_9b4bd1d628f180c12716bd357a84f23c,26,woman,zone_d,0,True,synthetic_questionnaire,22,observed,4,33,observed,4,woman,observed,4,monogamous,observed,4,no,observed,4,no_smoking,observed,4,False,observed,4,any,observed,4,no,observed,4,zone_d,observed,4,weekend_day;weekend_evening,observed,4,,not_asked,,,not_asked,,,not_asked,,playful,observed,0,,not_asked,,,not_asked,,,declined,
public_07,validation,syn_05a1d53f5d8bfa308fee08da90f095a9,26,woman,zone_a,0,True,synthetic_questionnaire,21,observed,0,30,observed,0,non_binary,observed,0,monogamous,observed,0,no,observed,0,no_smoking,observed,0,False,observed,0,any,observed,0,yes,observed,0,zone_a,observed,0,weekday_evening,observed,0,long_term,observed,0,steady,observed,0,social,observed,0,ideas,observed,0,taking_time,observed,0,limited,observed,0,yes,observed,0
public_07,validation,syn_77a9cfddabe398e502f36be7269bed30,24,woman,zone_a,19,True,synthetic_questionnaire,18,observed,19,29,observed,19,non_binary,observed,19,monogamous,observed,19,no,observed,19,any,observed,19,False,observed,19,no_children,observed,19,yes,observed,19,zone_a,observed,19,weekend_day;weekday_evening,observed,19,long_term,observed,19,slow,observed,19,quiet,observed,19,playful,observed,19,taking_time,observed,19,limited,observed,19,yes,observed,19
public_07,validation,syn_95b4390297b33290d26736f7e4eafb39,40,woman,zone_a,0,True,synthetic_questionnaire,32,observed,0,45,observed,0,man,observed,0,monogamous,observed,0,occasionally,observed,0,no_smoking,observed,0,False,observed,0,any,observed,0,no,observed,0,zone_a;zone_d,observed,0,weekend_evening;weekday_evening,observed,0,exploring,observed,0,slow,observed,0,social,observed,0,stories,observed,0,taking_time,observed,0,ample,observed,0,unsure,observed,0
public_07,validation,syn_dd947b8ca242c44863cf601fe65d57ed,43,woman,zone_a,2,False,synthetic_questionnaire,37,observed,4,50,observed,4,woman;man,observed,4,monogamous,observed,4,no,observed,4,no_smoking,observed,4,False,observed,4,any,observed,4,no,observed,4,zone_a,observed,4,weekday_evening;weekend_day;weekend_evening,observed,4,,not_asked,,quick,observed,2,,not_asked,,,not_asked,,,not_asked,,,not_asked,,,not_asked,
public_07,validation,syn_043d515672ea93e72dee6a0b1fe36e0b,39,man,zone_a,5,True,synthetic_questionnaire,,declined,,,not_asked,,,declined,,,not_asked,,,not_asked,,,not_asked,,,not_asked,,,not_asked,,,not_asked,,,not_asked,,,not_asked,,,not_asked,,quick,observed,5,,not_asked,,,not_asked,,,not_asked,,,not_asked,,,not_asked,
public_07,validation,syn_0ec7fffa4e94cb8226152f02b68c7802,42,man,zone_a,0,False,synthetic_questionnaire,35,observed,0,48,observed,0,non_binary;woman,observed,0,monogamous,observed,0,no,observed,0,any,observed,0,False,observed,0,any,observed,0,no,observed,0,zone_a;zone_d,observed,0,weekday_evening,observed,0,long_term,observed,0,slow,observed,0,quiet,observed,0,stories,observed,0,ready,observed,0,limited,observed,0,no,observed,0
public_07,validation,syn_01de4c09309bf917e3b5467c3e0a16d9,40,man,zone_b,6,True,synthetic_questionnaire,37,observed,6,47,observed,6,non_binary,observed,6,monogamous,observed,6,occasionally,observed,6,no_smoking,observed,6,True,observed,6,no_children,observed,6,no,observed,6,zone_b,observed,6,weekend_evening;weekday_evening;weekend_day,observed,6,,not_asked,,,not_asked,,,not_asked,,,not_asked,,,declined,,,not_asked,,,not_asked,
public_07,validation,syn_cbc229ed9605d0a357baebe560a71e85,33,woman,zone_d,0,True,synthetic_questionnaire,29,observed,5,43,observed,5,non_binary,observed,5,monogamous,observed,5,no,observed,5,no_smoking,observed,5,False,observed,5,no_children,observed,5,yes,observed,5,zone_d;zone_c,observed,5,weekday_evening,observed,5,,not_asked,,,not_asked,,,not_asked,,,not_asked,,,not_asked,,,not_asked,,unsure,observed,0
public_07,validation,syn_f1bf64f099ab560e698e158fcafca3e9,40,woman,zone_d,0,True,synthetic_questionnaire,31,observed,0,45,observed,0,non_binary,observed,0,monogamous,observed,0,no,observed,0,any,observed,0,False,observed,0,no_children,observed,0,unsure,observed,0,zone_d,observed,0,weekend_evening;weekday_evening,observed,0,exploring,observed,0,quick,observed,0,quiet,observed,0,playful,observed,0,ready,observed,0,moderate,observed,0,no,observed,0
public_07,validation,syn_d61fb4b62616be94633cbe612a1e7a67,21,man,zone_a,0,True,synthetic_questionnaire,18,observed,0,,not_asked,,,not_asked,,,not_asked,,,not_asked,,,not_asked,,,not_asked,,,not_asked,,,not_asked,,,declined,,,not_asked,,,not_asked,,,not_asked,,,declined,,,not_asked,,ready,observed,0,,not_asked,,,not_asked,
public_07,validation,syn_aaa30b8ed8386dbea129eab821d251a1,31,woman,zone_b,0,True,synthetic_questionnaire,28,observed,5,36,observed,5,non_binary,observed,5,monogamous,observed,5,no,observed,5,no_smoking,observed,5,False,observed,5,any,observed,5,yes,observed,5,zone_b,observed,5,weekday_evening,observed,5,,not_asked,,,not_asked,,,not_asked,,,not_asked,,,not_asked,,,not_asked,,,not_asked,
public_07,validation,syn_cb5a779ce64228622150a5537eb8e76d,37,woman,zone_a,0,False,synthetic_questionnaire,28,observed,0,40,observed,0,man,observed,0,monogamous,observed,0,no,observed,0,no_smoking,observed,0,False,observed,0,no_children,observed,0,no,observed,0,zone_a,observed,0,weekend_day;weekend_evening;weekday_evening,observed,0,exploring,observed,0,quick,observed,0,social,observed,0,practical,observed,0,ready,observed,0,ample,observed,0,unsure,observed,0
public_07,validation,syn_42ac3052ce85741b352753fef3e3491d,43,man,zone_c,0,True,synthetic_questionnaire,37,observed,0,47,observed,0,non_binary,observed,0,non_monogamous,observed,0,no,observed,0,no_smoking,observed,0,False,observed,0,any,observed,0,no,observed,0,zone_c,observed,0,weekend_evening;weekend_day,observed,0,exploring,observed,0,steady,observed,0,quiet,observed,0,stories,observed,0,taking_time,observed,0,moderate,observed,0,yes,observed,0
public_07,validation,syn_3fb528e8a8d3fad2e2ae223d90286957,34,non_binary,zone_a,0,True,synthetic_questionnaire,31,observed,5,39,observed,5,non_binary,observed,5,monogamous,observed,5,no,observed,5,no_smoking,observed,5,False,observed,5,no_children,observed,5,unsure,observed,5,zone_a,observed,5,weekend_day,observed,5,,not_asked,,slow,observed,0,,not_asked,,practical,observed,0,,not_asked,,,not_asked,,,not_asked,
public_07,validation,syn_d1fa9c9c5f42899c78d34bd35e36c34c,29,man,zone_a,11,True,synthetic_questionnaire,21,observed,11,39,observed,11,man,observed,11,monogamous,observed,11,no,observed,11,no_smoking,observed,11,False,observed,11,no_children,observed,11,no,observed,11,zone_a,observed,11,weekday_evening,observed,11,,not_asked,,,declined,,,not_asked,,,declined,,taking_time,observed,11,,not_asked,,,not_asked,
public_07,validation,syn_11831cec5210880f3f805bbabdec2b14,30,woman,zone_b,0,True,synthetic_questionnaire,23,observed,0,33,observed,0,non_binary,observed,0,monogamous,observed,0,no,observed,0,no_smoking,observed,0,False,observed,0,any,observed,0,no,observed,0,zone_b;zone_d,observed,0,weekday_evening;weekend_evening,observed,0,exploring,observed,0,slow,observed,0,social,observed,0,stories,observed,0,taking_time,observed,0,moderate,observed,0,yes,observed,0
public_07,validation,syn_07d00e0f0be2b15987bd4822db536e5b,23,man,zone_a,0,True,synthetic_questionnaire,18,observed,5,31,observed,5,man,observed,5,monogamous,observed,5,no,observed,5,no_smoking,observed,5,False,observed,5,any,observed,5,unsure,observed,5,zone_a,observed,5,weekend_day,observed,5,,not_asked,,,not_asked,,,not_asked,,,not_asked,,,not_asked,,ample,observed,0,,not_asked,
public_07,validation,syn_7ba87f2925be72c8ce3f0f4caf1fabce,33,woman,zone_c,3,True,synthetic_questionnaire,,not_asked,,,not_asked,,,not_asked,,,not_asked,,,not_asked,,,not_asked,,,declined,,,not_asked,,,not_asked,,,not_asked,,,not_asked,,,not_asked,,,not_asked,,,not_asked,,practical,observed,3,,not_asked,,,not_asked,,,not_asked,
public_07,validation,syn_ea9460e2b1c5b1a6cb888c0d65c64b1a,31,woman,zone_b,0,True,synthetic_questionnaire,27,observed,0,40,observed,0,non_binary;woman,observed,0,monogamous,observed,0,no,observed,0,no_smoking,observed,0,False,observed,0,no_children,observed,0,unsure,observed,0,zone_b;zone_a,observed,0,weekday_evening;weekend_day;weekend_evening,observed,0,exploring,observed,0,slow,observed,0,social,observed,0,playful,observed,0,taking_time,observed,0,moderate,observed,0,yes,observed,0
public_07,validation,syn_75c0303cff621800f7f90f00a2cb0319,31,woman,zone_a,12,True,synthetic_questionnaire,,not_asked,,,not_asked,,,not_asked,,,declined,,,not_asked,,,not_asked,,,declined,,any,observed,12,,not_asked,,,not_asked,,,not_asked,,,not_asked,,,not_asked,,,not_asked,,,not_asked,,,not_asked,,,not_asked,,,not_asked,
public_07,validation,syn_14542c8bff115e28601d3d1528ef7fa4,32,woman,zone_b,16,True,synthetic_questionnaire,28,observed,16,35,observed,16,non_binary,observed,16,monogamous,observed,16,no,observed,16,no_smoking,observed,16,False,observed,16,no_children,observed,16,yes,observed,16,zone_b,observed,16,weekend_evening;weekday_evening;weekend_day,observed,16,long_term,observed,16,steady,observed,16,mixed,observed,16,playful,observed,16,ready,observed,16,ample,observed,16,unsure,observed,16
public_07,validation,syn_b716fd2c679990739d1cb28901b60582,38,woman,zone_a,0,True,synthetic_questionnaire,29,observed,0,47,observed,0,non_binary;woman;man,observed,0,non_monogamous,observed,0,occasionally,observed,0,any,observed,0,False,observed,0,any,observed,0,no,observed,0,zone_a,observed,0,weekend_evening,observed,0,long_term,observed,0,slow,observed,0,social,observed,0,ideas,observed,0,ready,observed,0,moderate,observed,0,no,observed,0
public_07,validation,syn_573a03b8dfad5abf64e89241a2254f1d,32,woman,zone_a,0,True,synthetic_questionnaire,29,observed,0,35,observed,0,man;non_binary;woman,observed,0,monogamous,observed,0,no,observed,0,any,observed,0,False,observed,0,any,observed,0,yes,observed,0,zone_a;zone_c,observed,0,weekend_day,observed,0,exploring,observed,0,quick,observed,0,social,observed,0,ideas,observed,0,taking_time,observed,0,limited,observed,0,unsure,observed,0
public_07,validation,syn_b8b95bb87e12f624d7aec4cc98ea76cc,32,woman,zone_a,0,True,synthetic_questionnaire,,not_asked,,,not_asked,,,not_asked,,,not_asked,,,not_asked,,,not_asked,,,not_asked,,,declined,,,not_asked,,,not_asked,,,not_asked,,long_term,observed,0,quick,observed,0,,not_asked,,,not_asked,,,not_asked,,,not_asked,,,not_asked,
public_07,validation,syn_b96a53db8c56aab2e0c078140721d4e5,31,woman,zone_c,0,True,synthetic_questionnaire,28,observed,6,41,observed,6,non_binary,observed,6,monogamous,observed,6,no,observed,6,any,observed,6,False,observed,6,no_children,observed,6,yes,observed,6,zone_c,observed,6,weekend_evening;weekend_day,observed,6,,declined,,,not_asked,,,not_asked,,playful,observed,0,,not_asked,,,not_asked,,,not_asked,
public_07,validation,syn_6cd41e29231b79ac3d4e536f27d8542c,21,woman,zone_c,0,True,synthetic_questionnaire,18,observed,0,31,observed,0,non_binary,observed,0,monogamous,observed,0,occasionally,observed,0,no_smoking,observed,0,False,observed,0,no_children,observed,0,yes,observed,0,zone_c,observed,0,weekend_day;weekday_evening,observed,0,exploring,observed,0,quick,observed,0,mixed,observed,0,practical,observed,0,taking_time,observed,0,limited,observed,0,unsure,observed,0
public_07,validation,syn_b408c39d2454137d63423d8431a01b97,22,man,zone_b,0,True,synthetic_questionnaire,18,observed,6,27,observed,6,woman,observed,6,monogamous,observed,6,no,observed,6,no_smoking,observed,6,False,observed,6,no_children,observed,6,unsure,observed,6,zone_b;zone_a,observed,6,weekend_evening;weekend_day;weekday_evening,observed,6,exploring,observed,0,,not_asked,,,not_asked,,,not_asked,,,not_asked,,,not_asked,,,not_asked,
public_07,validation,syn_f92952a8966a085892fde0dcea9f7050,38,man,zone_a,0,False,synthetic_questionnaire,29,observed,0,48,observed,0,woman,observed,0,monogamous,observed,0,no,observed,0,any,observed,0,False,observed,0,no_children,observed,0,unsure,observed,0,zone_a;zone_c,observed,0,weekday_evening;weekend_evening,observed,0,exploring,observed,0,slow,observed,0,quiet,observed,0,ideas,observed,0,ready,observed,0,limited,observed,0,unsure,observed,0
public_07,validation,syn_7ab5fa3a9326035c6c155e7a42097903,41,non_binary,zone_a,0,True,synthetic_questionnaire,33,observed,7,48,observed,7,non_binary,observed,7,monogamous,observed,7,no,observed,7,no_smoking,observed,7,False,observed,7,no_children,observed,7,yes,observed,7,zone_a,observed,7,weekend_evening,observed,7,,not_asked,,,not_asked,,,not_asked,,,not_asked,,,not_asked,,,not_asked,,,not_asked,
public_07,validation,syn_9ee09e49e4f8aded8b0d14e1e58a6462,43,woman,zone_c,0,True,synthetic_questionnaire,34,observed,0,46,observed,0,man,observed,0,monogamous,observed,0,occasionally,observed,0,any,observed,0,False,observed,0,any,observed,0,unsure,observed,0,zone_c,observed,0,weekday_evening,observed,0,long_term,observed,0,slow,observed,0,quiet,observed,0,ideas,observed,0,taking_time,observed,0,limited,observed,0,no,observed,0
public_07,validation,syn_4025967d223b53ae90e6c42a508c6045,28,woman,zone_a,0,True,synthetic_questionnaire,,not_asked,,,not_asked,,,declined,,,not_asked,,,not_asked,,,not_asked,,,not_asked,,any,observed,0,,not_asked,,zone_a,observed,0,,not_asked,,,not_asked,,,declined,,,not_asked,,,not_asked,,taking_time,observed,0,,not_asked,,,not_asked,
public_07,validation,syn_7f15ca6589378e2a157edbbae23d3bfa,40,woman,zone_a,0,True,synthetic_questionnaire,,not_asked,,,not_asked,,,not_asked,,,declined,,,not_asked,,,not_asked,,,not_asked,,,not_asked,,,not_asked,,,not_asked,,,not_asked,,,not_asked,,,not_asked,,,not_asked,,,not_asked,,taking_time,observed,0,,not_asked,,,not_asked,
public_07,validation,syn_9583224e7d1037276bd9ea879ee314c3,26,man,zone_a,15,True,synthetic_questionnaire,18,observed,15,32,observed,15,man,observed,15,monogamous,observed,15,occasionally,observed,15,any,observed,15,False,observed,15,any,observed,15,unsure,observed,15,zone_a,observed,15,weekend_evening;weekday_evening,observed,15,long_term,observed,15,slow,observed,15,social,observed,15,ideas,observed,15,ready,observed,15,limited,observed,15,yes,observed,15
public_07,validation,syn_c8022319065adacc9f06b5af1435cd48,46,woman,zone_a,8,True,synthetic_questionnaire,,not_asked,,,not_asked,,,not_asked,,,declined,,,not_asked,,,declined,,False,observed,8,,declined,,,not_asked,,,not_asked,,,not_asked,,,not_asked,,,not_asked,,,not_asked,,,not_asked,,,not_asked,,,not_asked,,,not_asked,
public_07,validation,syn_1551ea976e4527d2ba7e4c210cdf6658,28,man,zone_a,6,True,synthetic_questionnaire,21,observed,6,34,observed,6,man;non_binary;woman,observed,6,monogamous,observed,6,occasionally,observed,6,any,observed,6,False,observed,6,no_children,observed,6,no,observed,6,zone_a;zone_b,observed,6,weekend_evening;weekend_day,observed,6,long_term,observed,6,quick,observed,6,mixed,observed,6,ideas,observed,6,ready,observed,6,moderate,observed,6,yes,observed,6
public_07,validation,syn_7c94f23bce5b8935f0d5c4272202e69b,44,woman,zone_a,0,True,synthetic_questionnaire,,not_asked,,,not_asked,,man;woman,observed,0,monogamous,observed,0,,not_asked,,,not_asked,,,not_asked,,,declined,,,not_asked,,,not_asked,,,not_asked,,,not_asked,,,not_asked,,,not_asked,,,not_asked,,taking_time,observed,0,,not_asked,,,not_asked,
public_07,validation,syn_c5c2bb619143326f31f63696f69ba473,33,woman,zone_a,0,True,synthetic_questionnaire,29,observed,0,43,observed,0,non_binary;woman,observed,0,monogamous,observed,0,occasionally,observed,0,any,observed,0,False,observed,0,no_children,observed,0,yes,observed,0,zone_a,observed,0,weekend_evening;weekend_day;weekday_evening,observed,0,long_term,observed,0,quick,observed,0,social,observed,0,practical,observed,0,taking_time,observed,0,moderate,observed,0,yes,observed,0
public_07,validation,syn_de9984d46958b174812fdff68ea30828,46,woman,zone_a,2,True,synthetic_questionnaire,37,observed,7,56,observed,7,woman,observed,7,monogamous,observed,7,occasionally,observed,7,any,observed,7,False,observed,7,no_children,observed,7,yes,observed,7,zone_a,observed,7,weekend_evening;weekday_evening;weekend_day,observed,7,,not_asked,,,not_asked,,,not_asked,,,not_asked,,,not_asked,,,not_asked,,,not_asked,
public_07,validation,syn_3ee5977045ade35db0c4794d07c675b3,40,woman,zone_a,0,True,synthetic_questionnaire,31,observed,0,44,observed,0,non_binary,observed,0,monogamous,observed,0,no,observed,0,any,observed,0,False,observed,0,no_children,observed,0,no,observed,0,zone_a,observed,0,weekend_day,observed,0,exploring,observed,0,steady,observed,0,social,observed,0,stories,observed,0,taking_time,observed,0,ample,observed,0,unsure,observed,0
public_07,validation,syn_57007838a9f766f6eba367f291ecdef7,37,woman,zone_a,0,False,synthetic_questionnaire,30,observed,0,41,observed,0,woman,observed,0,monogamous,observed,0,no,observed,0,no_smoking,observed,0,False,observed,0,no_children,observed,0,no,observed,0,zone_a,observed,0,weekend_day,observed,0,exploring,observed,0,steady,observed,0,social,observed,0,stories,observed,0,ready,observed,0,moderate,observed,0,unsure,observed,0
public_07,validation,syn_b8047d1ba862c0dde95804774a9f1228,39,man,zone_a,0,True,synthetic_questionnaire,29,observed,7,48,observed,7,man,observed,7,monogamous,observed,7,no,observed,7,no_smoking,observed,7,False,observed,7,any,observed,7,unsure,observed,7,zone_a,observed,7,weekend_evening;weekday_evening;weekend_day,observed,7,,not_asked,,steady,observed,0,social,observed,0,,not_asked,,,declined,,limited,observed,0,,not_asked,
public_07,validation,syn_61c783b0ce6eaecc74daf8d68dc9dea3,31,woman,zone_b,0,True,synthetic_questionnaire,,not_asked,,,not_asked,,,not_asked,,,not_asked,,,not_asked,,,not_asked,,False,observed,0,,not_asked,,,not_asked,,,declined,,,not_asked,,,not_asked,,,declined,,quiet,observed,0,,not_asked,,ready,observed,0,,not_asked,,,not_asked,
public_07,validation,syn_b7496f90a50a3089f452431c5344bcc0,35,man,zone_a,20,True,synthetic_questionnaire,29,observed,20,39,observed,20,woman,observed,20,monogamous,observed,20,no,observed,20,no_smoking,observed,20,False,observed,20,any,observed,20,no,observed,20,zone_a,observed,20,weekend_day,observed,20,,not_asked,,,not_asked,,,not_asked,,,not_asked,,,declined,,,not_asked,,,not_asked,
public_07,validation,syn_686e87f9f58ad0ac7d06497cc3cc299f,29,woman,zone_a,0,True,synthetic_questionnaire,21,observed,8,32,observed,8,woman,observed,8,monogamous,observed,8,occasionally,observed,8,any,observed,8,False,observed,8,any,observed,8,yes,observed,8,zone_a,observed,8,weekend_evening,observed,8,,not_asked,,,not_asked,,social,observed,0,,not_asked,,,not_asked,,,not_asked,,,not_asked,
public_07,validation,syn_f9cafe15371bb97f5d778e91f72560b2,40,woman,zone_c,0,True,synthetic_questionnaire,31,observed,8,50,observed,8,non_binary,observed,8,monogamous,observed,8,no,observed,8,any,observed,8,False,observed,8,any,observed,8,no,observed,8,zone_c,observed,8,weekend_day,observed,8,,not_asked,,,not_asked,,,not_asked,,practical,observed,0,,not_asked,,,not_asked,,,not_asked,
public_07,validation,syn_e712d22fcebac37a97c72a6a2bb621ae,41,woman,zone_a,0,True,synthetic_questionnaire,37,observed,0,44,observed,0,man,observed,0,monogamous,observed,0,occasionally,observed,0,no_smoking,observed,0,False,observed,0,any,observed,0,no,observed,0,zone_a,observed,0,weekend_evening,observed,0,long_term,observed,0,quick,observed,0,social,observed,0,playful,observed,0,ready,observed,0,ample,observed,0,unsure,observed,0
public_07,validation,syn_608630ea3cc6577f1ac277af3dac41ac,33,woman,zone_b,15,True,synthetic_questionnaire,,declined,,,not_asked,,,not_asked,,,not_asked,,,not_asked,,,declined,,,not_asked,,,not_asked,,,not_asked,,,not_asked,,,not_asked,,,declined,,,not_asked,,,not_asked,,,not_asked,,,not_asked,,,not_asked,,no,observed,15
public_07,validation,syn_6f24f668297d07db7e0b248d7d7b23e5,23,woman,zone_a,0,True,synthetic_questionnaire,,not_asked,,,not_asked,,,not_asked,,,not_asked,,occasionally,observed,0,,not_asked,,,declined,,,not_asked,,,not_asked,,,not_asked,,,not_asked,,,not_asked,,,not_asked,,,not_asked,,,not_asked,,,not_asked,,,declined,,unsure,observed,0
public_07,validation,syn_6fb76039ce14ae7e7b091cfd4aa2fab9,46,woman,zone_a,11,False,synthetic_questionnaire,43,observed,11,49,observed,11,woman,observed,11,monogamous,observed,11,occasionally,observed,11,no_smoking,observed,11,False,observed,11,any,observed,11,unsure,observed,11,zone_a,observed,11,weekend_evening;weekday_evening,observed,11,,not_asked,,,not_asked,,,not_asked,,,not_asked,,,not_asked,,,declined,,,not_asked,
public_07,validation,syn_a98fb3f32285473f75518fc19b88374a,41,non_binary,zone_a,19,True,synthetic_questionnaire,,not_asked,,,not_asked,,,not_asked,,monogamous,observed,19,,not_asked,,,not_asked,,,declined,,,not_asked,,,not_asked,,,not_asked,,weekend_evening;weekend_day,observed,19,,not_asked,,,not_asked,,,not_asked,,,not_asked,,,not_asked,,,not_asked,,,declined,
public_07,validation,syn_7410e9876c8af44e8302f95dbbd9ef61,26,woman,zone_d,4,True,synthetic_questionnaire,,not_asked,,,not_asked,,,not_asked,,,not_asked,,,not_asked,,,declined,,,not_asked,,,not_asked,,,not_asked,,,not_asked,,,not_asked,,,not_asked,,,not_asked,,,not_asked,,,not_asked,,taking_time,observed,4,,not_asked,,,not_asked,
public_07,validation,syn_aa8dfeae9952b8f07b31b3ada3f3a4a8,22,woman,zone_a,0,True,synthetic_questionnaire,18,observed,8,28,observed,8,man,observed,8,monogamous,observed,8,occasionally,observed,8,no_smoking,observed,8,False,observed,8,no_children,observed,8,yes,observed,8,zone_a,observed,8,weekday_evening;weekend_evening,observed,8,,not_asked,,,not_asked,,,not_asked,,,not_asked,,,not_asked,,,not_asked,,,declined,
public_07,validation,syn_14be31a6f5751effecdd653ba233d83b,37,man,zone_a,0,True,synthetic_questionnaire,27,observed,0,,not_asked,,,declined,,,not_asked,,,not_asked,,,not_asked,,,not_asked,,,not_asked,,,not_asked,,,declined,,,not_asked,,,not_asked,,,not_asked,,,not_asked,,,not_asked,,,not_asked,,,not_asked,,no,observed,0
public_07,validation,syn_a7b0db9c3a0ba7079f9418439f354a94,28,woman,zone_a,0,True,synthetic_questionnaire,19,observed,8,33,observed,8,non_binary,observed,8,monogamous,observed,8,no,observed,8,no_smoking,observed,8,False,observed,8,any,observed,8,unsure,observed,8,zone_a;zone_b,observed,8,weekday_evening;weekend_evening;weekend_day,observed,8,,not_asked,,,not_asked,,,not_asked,,,not_asked,,,not_asked,,,not_asked,,,not_asked,
public_07,validation,syn_111602846da317f9e7c801b1b732a120,44,man,zone_a,0,False,synthetic_questionnaire,39,observed,9,48,observed,9,woman,observed,9,monogamous,observed,9,no,observed,9,no_smoking,observed,9,True,observed,9,no_children,observed,9,yes,observed,9,zone_a,observed,9,weekday_evening,observed,9,,not_asked,,,not_asked,,,not_asked,,,not_asked,,,not_asked,,,not_asked,,,not_asked,
public_07,validation,syn_75c4423d368585c90037ca341d41cdd2,42,woman,zone_a,0,True,synthetic_questionnaire,,not_asked,,,not_asked,,,not_asked,,,not_asked,,,not_asked,,,not_asked,,,not_asked,,,declined,,,not_asked,,,not_asked,,,not_asked,,,not_asked,,,not_asked,,,not_asked,,stories,observed,0,ready,observed,0,,not_asked,,,declined,
public_07,validation,syn_6ec7357aad8264c9e184a5594fee04d2,27,woman,zone_a,14,False,synthetic_questionnaire,,not_asked,,,not_asked,,,not_asked,,,not_asked,,,not_asked,,,not_asked,,,not_asked,,,declined,,,not_asked,,,declined,,,not_asked,,exploring,observed,14,,not_asked,,,not_asked,,practical,observed,14,,not_asked,,ample,observed,14,,not_asked,
public_07,validation,syn_90ceba4bcddb713f4bd8371d5e3a576f,23,man,zone_a,20,True,synthetic_questionnaire,18,observed,20,33,observed,20,man,observed,20,non_monogamous,observed,20,occasionally,observed,20,any,observed,20,False,observed,20,no_children,observed,20,unsure,observed,20,zone_a,observed,20,weekend_evening;weekday_evening;weekend_day,observed,20,,not_asked,,,not_asked,,,not_asked,,,not_asked,,,not_asked,,,not_asked,,,not_asked,
public_07,validation,syn_d8297187c07e8cef2c48c6ed6cf3eef0,25,man,zone_b,0,True,synthetic_questionnaire,22,observed,0,31,observed,0,non_binary,observed,0,monogamous,observed,0,occasionally,observed,0,any,observed,0,False,observed,0,any,observed,0,unsure,observed,0,zone_b,observed,0,weekend_evening;weekend_day;weekday_evening,observed,0,exploring,observed,0,steady,observed,0,mixed,observed,0,stories,observed,0,taking_time,observed,0,moderate,observed,0,no,observed,0
public_07,validation,syn_fd8122bc2d96f071c6a9fe865fc309e6,34,woman,zone_a,6,False,synthetic_questionnaire,25,observed,6,37,observed,6,woman,observed,6,monogamous,observed,6,yes,observed,6,any,observed,6,False,observed,6,no_children,observed,6,unsure,observed,6,zone_a,observed,6,weekend_evening;weekday_evening,observed,6,exploring,observed,6,quick,observed,6,quiet,observed,6,stories,observed,6,ready,observed,6,limited,observed,6,unsure,observed,6
public_07,validation,syn_6ac02d8581ce3e2ae0e90c94845e8ef1,46,man,zone_a,0,True,synthetic_questionnaire,41,observed,9,52,observed,9,woman,observed,9,monogamous,observed,9,no,observed,9,any,observed,9,False,observed,9,no_children,observed,9,unsure,observed,9,zone_a,observed,9,weekend_day;weekend_evening,observed,9,,not_asked,,,not_asked,,,not_asked,,,not_asked,,,not_asked,,,not_asked,,,not_asked,
public_07,validation,syn_e085086e15d703e5c1d2ac73107e4ca0,30,man,zone_a,13,True,synthetic_questionnaire,20,observed,13,40,observed,13,woman,observed,13,monogamous,observed,13,no,observed,13,any,observed,13,False,observed,13,any,observed,13,yes,observed,13,zone_a,observed,13,weekday_evening,observed,13,exploring,observed,13,steady,observed,13,quiet,observed,13,playful,observed,13,taking_time,observed,13,moderate,observed,13,unsure,observed,13
public_07,validation,syn_3de295dd7f95a97ede178c9673e88811,44,man,zone_a,0,True,synthetic_questionnaire,38,observed,0,51,observed,0,man,observed,0,monogamous,observed,0,no,observed,0,no_smoking,observed,0,False,observed,0,any,observed,0,no,observed,0,zone_a,observed,0,weekend_day,observed,0,exploring,observed,0,steady,observed,0,social,observed,0,ideas,observed,0,ready,observed,0,ample,observed,0,unsure,observed,0
public_07,validation,syn_91b7e5002d9a5860ae46a3fb28c314ec,21,man,zone_c,0,True,synthetic_questionnaire,18,observed,0,24,observed,0,woman,observed,0,monogamous,observed,0,no,observed,0,no_smoking,observed,0,False,observed,0,any,observed,0,no,observed,0,zone_c,observed,0,weekend_day;weekend_evening;weekday_evening,observed,0,long_term,observed,0,quick,observed,0,social,observed,0,playful,observed,0,ready,observed,0,limited,observed,0,yes,observed,0
public_07,validation,syn_1b8d15f11031c19fadc9f1abd8ee0d1c,28,woman,zone_c,18,True,synthetic_questionnaire,24,observed,18,33,observed,18,non_binary,observed,18,monogamous,observed,18,no,observed,18,any,observed,18,False,observed,18,no_children,observed,18,yes,observed,18,zone_c,observed,18,weekend_evening;weekday_evening;weekend_day,observed,18,long_term,observed,18,,not_asked,,,not_asked,,,not_asked,,,not_asked,,limited,observed,18,,not_asked,
public_07,validation,syn_730e120c211bd2647b3d41ab05bacd66,39,non_binary,zone_a,13,False,synthetic_questionnaire,32,observed,13,43,observed,13,non_binary;man,observed,13,monogamous,observed,13,no,observed,13,any,observed,13,False,observed,13,any,observed,13,yes,observed,13,zone_a,observed,13,weekend_evening;weekend_day;weekday_evening,observed,13,exploring,observed,13,quick,observed,13,social,observed,13,practical,observed,13,taking_time,observed,13,ample,observed,13,no,observed,13
public_07,validation,syn_42b386591be280dda52f19fa176c271e,23,woman,zone_a,15,True,synthetic_questionnaire,18,observed,15,31,observed,15,woman,observed,15,monogamous,observed,15,no,observed,15,any,observed,15,True,observed,15,any,observed,15,no,observed,15,zone_a,observed,15,weekend_day;weekday_evening;weekend_evening,observed,15,long_term,observed,15,slow,observed,15,quiet,observed,15,ideas,observed,15,taking_time,observed,15,moderate,observed,15,no,observed,15
public_07,validation,syn_cf609034bcf54c48f8b637e62f74a25c,22,woman,zone_b,0,True,synthetic_questionnaire,,not_asked,,,not_asked,,,not_asked,,,not_asked,,,not_asked,,,not_asked,,,declined,,,declined,,,not_asked,,,not_asked,,,not_asked,,,not_asked,,,not_asked,,mixed,observed,0,,not_asked,,,not_asked,,,not_asked,,,not_asked,
public_07,validation,syn_1b393d709f17ea0f9385e36aa92af5ca,44,man,zone_a,0,True,synthetic_questionnaire,36,observed,0,54,observed,0,non_binary,observed,0,monogamous,observed,0,no,observed,0,no_smoking,observed,0,False,observed,0,no_children,observed,0,no,observed,0,zone_a;zone_c,observed,0,weekend_evening,observed,0,exploring,observed,0,steady,observed,0,quiet,observed,0,playful,observed,0,taking_time,observed,0,limited,observed,0,unsure,observed,0
public_07,validation,syn_b88ce89501a2379d43b0bdc80333e3cb,41,woman,zone_c,0,True,synthetic_questionnaire,34,observed,9,48,observed,9,non_binary,observed,9,monogamous,observed,9,no,observed,9,any,observed,9,True,observed,9,no_children,observed,9,no,observed,9,zone_c;zone_d,observed,9,weekday_evening;weekend_day,observed,9,,not_asked,,,not_asked,,,not_asked,,,not_asked,,ready,observed,0,,not_asked,,,not_asked,
public_07,validation,syn_e252c24579bd0e85706f1ef6dd1a2e88,39,man,zone_a,0,True,synthetic_questionnaire,32,observed,0,46,observed,0,non_binary,observed,0,monogamous,observed,0,yes,observed,0,any,observed,0,False,observed,0,any,observed,0,yes,observed,0,zone_a,observed,0,weekend_day;weekend_evening;weekday_evening,observed,0,long_term,observed,0,quick,observed,0,quiet,observed,0,practical,observed,0,taking_time,observed,0,moderate,observed,0,no,observed,0
public_07,validation,syn_1c863f7c34f7bebb0b0f437023d70528,21,woman,zone_c,5,True,synthetic_questionnaire,18,observed,5,24,observed,5,woman;non_binary,observed,5,monogamous,observed,5,no,observed,5,no_smoking,observed,5,False,observed,5,any,observed,5,yes,observed,5,zone_c,observed,5,weekend_evening,observed,5,exploring,observed,5,quick,observed,5,mixed,observed,5,practical,observed,5,ready,observed,5,moderate,observed,5,yes,observed,5
public_07,validation,syn_b620ae64ac96d2c24a74bbaf6ed85daa,42,man,zone_d,0,True,synthetic_questionnaire,36,observed,9,49,observed,9,man,observed,9,monogamous,observed,9,no,observed,9,any,observed,9,False,observed,9,no_children,observed,9,unsure,observed,9,zone_d,observed,9,weekend_day,observed,9,,not_asked,,,not_asked,,,not_asked,,,not_asked,,,not_asked,,,not_asked,,,not_asked,
public_07,validation,syn_0623163c4f259bae488bf453dbe4b18d,28,non_binary,zone_a,0,True,synthetic_questionnaire,,not_asked,,,not_asked,,,declined,,,not_asked,,,not_asked,,,not_asked,,,not_asked,,,not_asked,,,declined,,,declined,,,not_asked,,,not_asked,,,not_asked,,,not_asked,,ideas,observed,0,,not_asked,,,not_asked,,,not_asked,
public_07,validation,syn_7c2d8b1ab9d514924a77c6a9f5814290,25,man,zone_d,4,True,synthetic_questionnaire,18,observed,10,34,observed,10,woman,observed,10,monogamous,observed,10,occasionally,observed,10,no_smoking,observed,10,True,observed,10,any,observed,10,unsure,observed,10,zone_d;zone_c,observed,10,weekend_evening,observed,10,,not_asked,,,not_asked,,,not_asked,,,not_asked,,taking_time,observed,4,,not_asked,,,not_asked,
public_07,validation,syn_4c09a50e42f582468235af9ff228c16f,41,man,zone_d,0,True,synthetic_questionnaire,33,observed,0,47,observed,0,woman,observed,0,monogamous,observed,0,no,observed,0,no_smoking,observed,0,True,observed,0,no_children,observed,0,yes,observed,0,zone_d,observed,0,weekday_evening;weekend_evening;weekend_day,observed,0,long_term,observed,0,quick,observed,0,social,observed,0,stories,observed,0,ready,observed,0,moderate,observed,0,unsure,observed,0
public_07,validation,syn_832e73f63b822a721404d55cb10ab446,44,woman,zone_b,2,True,synthetic_questionnaire,34,observed,10,49,observed,10,non_binary;man,observed,10,monogamous,observed,10,no,observed,10,any,observed,10,False,observed,10,no_children,observed,10,unsure,observed,10,zone_b,observed,10,weekend_day;weekday_evening;weekend_evening,observed,10,,not_asked,,,not_asked,,,not_asked,,,not_asked,,,not_asked,,,not_asked,,,not_asked,
public_07,validation,syn_eec47052e2896a1d26e1db44a0b667b9,36,woman,zone_a,0,True,synthetic_questionnaire,30,observed,10,41,observed,10,non_binary,observed,10,non_monogamous,observed,10,no,observed,10,any,observed,10,False,observed,10,any,observed,10,no,observed,10,zone_a,observed,10,weekday_evening;weekend_evening;weekend_day,observed,10,,not_asked,,,not_asked,,,not_asked,,,not_asked,,ready,observed,0,,not_asked,,,not_asked,
public_07,validation,syn_7d7e99976ca0f0a02445ed09eb98faf9,37,woman,zone_b,0,True,synthetic_questionnaire,32,observed,11,41,observed,11,non_binary,observed,11,monogamous,observed,11,no,observed,11,no_smoking,observed,11,False,observed,11,any,observed,11,yes,observed,11,zone_b,observed,11,weekend_evening;weekend_day;weekday_evening,observed,11,,not_asked,,,not_asked,,,not_asked,,,not_asked,,ready,observed,0,,not_asked,,,not_asked,
public_07,validation,syn_c9df38aa8479a9ffbe9ee03ab5a917b2,27,man,zone_b,0,True,synthetic_questionnaire,23,observed,0,35,observed,0,non_binary,observed,0,monogamous,observed,0,no,observed,0,any,observed,0,True,observed,0,no_children,observed,0,yes,observed,0,zone_b,observed,0,weekday_evening;weekend_day;weekend_evening,observed,0,exploring,observed,0,steady,observed,0,mixed,observed,0,playful,observed,0,taking_time,observed,0,ample,observed,0,no,observed,0
public_07,validation,syn_61e459e68ad8101875f38c5dabfa041f,26,man,zone_a,0,True,synthetic_questionnaire,,not_asked,,,not_asked,,,not_asked,,,not_asked,,,not_asked,,,not_asked,,True,observed,0,,declined,,,not_asked,,,not_asked,,,not_asked,,,not_asked,,,not_asked,,,not_asked,,,not_asked,,,not_asked,,,not_asked,,,not_asked,
public_07,validation,syn_813e07996549616e235d37a1f6ed4cbd,24,man,zone_a,0,False,synthetic_questionnaire,18,observed,11,27,observed,11,man,observed,11,monogamous,observed,11,no,observed,11,no_smoking,observed,11,True,observed,11,any,observed,11,no,observed,11,zone_a,observed,11,weekend_evening;weekend_day,observed,11,,not_asked,,slow,observed,0,,not_asked,,,not_asked,,,not_asked,,,not_asked,,,not_asked,
public_07,validation,syn_888ae20b6670bee86782f38f027dcdbe,29,woman,zone_c,2,True,synthetic_questionnaire,20,observed,2,34,observed,2,man,observed,2,monogamous,observed,2,no,observed,2,any,observed,2,False,observed,2,no_children,observed,2,unsure,observed,2,zone_c,observed,2,weekend_evening;weekend_day,observed,2,exploring,observed,2,slow,observed,2,quiet,observed,2,stories,observed,2,ready,observed,2,limited,observed,2,yes,observed,2
public_07,validation,syn_5c7942d620c9bb18862da0ce182ebeb7,41,woman,zone_c,0,True,synthetic_questionnaire,35,observed,12,46,observed,12,woman,observed,12,monogamous,observed,12,no,observed,12,no_smoking,observed,12,False,observed,12,no_children,observed,12,yes,observed,12,zone_c,observed,12,weekend_day;weekend_evening,observed,12,,not_asked,,,not_asked,,,not_asked,,,not_asked,,,not_asked,,,not_asked,,unsure,observed,0
public_07,validation,syn_7a1763ba4afc746abc1b28600d091228,30,man,zone_a,0,True,synthetic_questionnaire,,declined,,,not_asked,,,not_asked,,monogamous,observed,0,,not_asked,,,not_asked,,,not_asked,,,not_asked,,,not_asked,,,not_asked,,,not_asked,,,not_asked,,,not_asked,,,not_asked,,,not_asked,,,not_asked,,,not_asked,,,not_asked,
public_07,validation,syn_87fbfc22893c5609e9edb33f210b5274,27,man,zone_a,4,True,synthetic_questionnaire,22,observed,4,31,observed,4,man;non_binary,observed,4,monogamous,observed,4,no,observed,4,no_smoking,observed,4,False,observed,4,any,observed,4,unsure,observed,4,zone_a,observed,4,weekday_evening,observed,4,exploring,observed,4,quick,observed,4,quiet,observed,4,playful,observed,4,taking_time,observed,4,moderate,observed,4,no,observed,4
public_07,validation,syn_60ccee178fb47eb6a57dfa71f44fab46,42,woman,zone_a,1,False,synthetic_questionnaire,35,observed,1,51,observed,1,man,observed,1,monogamous,observed,1,no,observed,1,no_smoking,observed,1,False,observed,1,no_children,observed,1,no,observed,1,zone_a,observed,1,weekday_evening,observed,1,long_term,observed,1,slow,observed,1,social,observed,1,practical,observed,1,taking_time,observed,1,moderate,observed,1,no,observed,1
public_07,validation,syn_c821d0bab19f4345722361c4ec876a0f,32,woman,zone_c,0,True,synthetic_questionnaire,29,observed,12,39,observed,12,man,observed,12,monogamous,observed,12,no,observed,12,any,observed,12,False,observed,12,any,observed,12,unsure,observed,12,zone_c,observed,12,weekend_day;weekday_evening;weekend_evening,observed,12,,not_asked,,steady,observed,0,,not_asked,,,not_asked,,,not_asked,,,not_asked,,,not_asked,
public_07,validation,syn_267d0b6f1ce1ddde37545beb2a1ad6b6,44,woman,zone_a,0,True,synthetic_questionnaire,37,observed,0,48,observed,0,non_binary,observed,0,monogamous,observed,0,occasionally,observed,0,any,observed,0,False,observed,0,no_children,observed,0,yes,observed,0,zone_a,observed,0,weekend_day,observed,0,exploring,observed,0,steady,observed,0,mixed,observed,0,practical,observed,0,ready,observed,0,ample,observed,0,unsure,observed,0
public_07,validation,syn_f9f644631733e03b2e1121f7e9c62cef,40,man,zone_a,0,True,synthetic_questionnaire,,not_asked,,,not_asked,,,not_asked,,,not_asked,,,declined,,,not_asked,,,not_asked,,,not_asked,,,not_asked,,,not_asked,,,not_asked,,exploring,observed,0,,not_asked,,,not_asked,,,not_asked,,,not_asked,,,not_asked,,,not_asked,
public_07,validation,syn_c1124b9c00beb2a6a0b4a18bf0c9f540,43,man,zone_b,17,False,synthetic_questionnaire,38,observed,17,47,observed,17,woman;non_binary,observed,17,monogamous,observed,17,no,observed,17,any,observed,17,False,observed,17,any,observed,17,no,observed,17,zone_b,observed,17,weekday_evening;weekend_day,observed,17,,not_asked,,,not_asked,,,not_asked,,,not_asked,,,not_asked,,,not_asked,,,not_asked,
public_07,validation,syn_b87520850b5cdc86b34287cf94dc8e2b,26,non_binary,zone_a,0,True,synthetic_questionnaire,18,observed,0,33,observed,0,man;non_binary,observed,0,monogamous,observed,0,no,observed,0,no_smoking,observed,0,False,observed,0,no_children,observed,0,unsure,observed,0,zone_a,observed,0,weekend_evening;weekday_evening,observed,0,exploring,observed,0,steady,observed,0,mixed,observed,0,practical,observed,0,taking_time,observed,0,limited,observed,0,no,observed,0
public_07,validation,syn_6badfc689488b1238947878d71ece0a3,28,man,zone_a,0,True,synthetic_questionnaire,19,observed,12,34,observed,12,woman,observed,12,monogamous,observed,12,no,observed,12,no_smoking,observed,12,False,observed,12,no_children,observed,12,no,observed,12,zone_a,observed,12,weekend_day;weekend_evening;weekday_evening,observed,12,,not_asked,,,not_asked,,social,observed,0,,not_asked,,,declined,,,not_asked,,,declined,
public_07,validation,syn_c419025e53a87a962324fef7921a220a,36,woman,zone_b,0,True,synthetic_questionnaire,32,observed,0,43,observed,0,woman,observed,0,monogamous,observed,0,occasionally,observed,0,any,observed,0,False,observed,0,no_children,observed,0,no,observed,0,zone_b,observed,0,weekday_evening,observed,0,exploring,observed,0,slow,observed,0,mixed,observed,0,playful,observed,0,ready,observed,0,limited,observed,0,no,observed,0
public_07,validation,syn_49d17f5f15e37703c9e25a6a584e292c,45,woman,zone_b,0,True,synthetic_questionnaire,41,observed,12,49,observed,12,non_binary;man,observed,12,non_monogamous,observed,12,no,observed,12,any,observed,12,False,observed,12,no_children,observed,12,unsure,observed,12,zone_b;zone_a,observed,12,weekend_evening;weekday_evening,observed,12,,not_asked,,,not_asked,,,not_asked,,,not_asked,,,not_asked,,,not_asked,,,not_asked,
